Workbook

Sheet COMO USAR
A1: CONTROLE DE DECKS — DIGIMON TCG
A3: Cada pessoa deve usar a SUA PRÓPRIA CÓPIA desta planilha (Arquivo > Fazer uma cópia), porque o inventário e as compras são pessoais.
A4: Células amarelo-claro com texto azul = onde você escreve. Todo o resto é calculado e fica protegido.
A6: 1) PRIMEIRA VEZ (uma vez por cópia)
A7: Extensões > Apps Script > cole o conteúdo do arquivo configurar_planilha.gs > Salvar > recarregue a planilha > menu Digimon > Configurar planilha.
A8: Isso liga as fotos e trava as células que não devem ser editadas. Autorize o script quando o Google pedir.
A10: 2) ADICIONAR UM DECK (aba LISTAS)
A11: No digimoncard.io: abra o deck > Export > Text > Copy to Clipboard. Ou copie a lista da Liga Digimon.
A12: Na primeira coluna livre da aba LISTAS: escreva o nome do deck (linha 1), o link (linha 2) e cole a lista a partir da linha 4.
A13: Os dois formatos funcionam: 1 BanchoMamemon BT8-068 e 4 Chuumon (EX13-027)
A14: A linha 3 mostra quantas linhas e cartas foram lidas e avisa se alguma linha foi ignorada. Linhas que começam com // são comentários.
A15: Capacidade: 20 decks, até 60 linhas cada.
... A39: Para subir fotos novas: aba Update de Fotos > menu Digimon > Verificar fotos no repositório > copie a lista em Python e cole no script do repositório.

Sheet CONFIG
A1: CONFIGURAÇÃO DAS FOTOS
A2: Endereço base das imagens | B2: https://raw.githubusercontent.com/matheusabarbosa/digimon-cg-2020-cards/main/digimon/cartas/ | C2: Repositório de imagens no GitHub. Deve terminar com /
A3: Extensão das imagens | B3: .jpg | C3: Normalmente .jpg
A4: Mostrar fotos? (SIM/NÃO) | B4: SIM | C4: Mude para NÃO para desligar as fotos (a planilha fica mais leve)
A5: Altura da foto (pixels) | B5: 200 | C5: Altura das linhas que têm foto

Sheet LISTAS
A3: =IF(COUNTA(A4:A63)=0,"",COUNTIFS(_LEITURA!$A$2:$A$1201,1,_LEITURA!$I$2:$I$1201,1)&" linhas lidas · "&SUMIFS(_LEITURA!$G$2:$G$1201,_LEITURA!$A$2:$A$1201,1,_LEITURA!$I$2:$I$1201,1)&" cartas"&IF(COUNTIFS(_LEITURA!$A$2:$A$1201,1,_LEITURA!$L$2:$L$1201,1)>0," · ATENÇÃO: "&COUNTIFS(_LEITURA!$A$2:$A$1201,1,_LEITURA!$L$2:$L$1201,1)&" linha(s) ignorada(s)","")) | B3: =IF(COUNTA(B4:B63)=0,"",COUNTIFS(_LEITURA!$A$2:$A$1201,2,_LEITURA!$I$2:$I$1201,1)&" linhas lidas · "&SUMIFS(_LEITURA!$G$2:$G$1201,_LEITURA!$A$2:$A$1201,2,_LEITURA!$I$2:$I$1201,1)&" cartas"&IF(COUNTIFS(_LEITURA!$A$2:$A$1201,2,_LEITURA!$L$2:$L$1201,1)>0," · ATENÇÃO: "&COUNTIFS(_LEITURA!$A$2:$A$1201,2,_LEITURA!$L$2:$L$1201,1)&" linha(s) ignorada(s)","")) | C3: =IF(COUNTA(C4:C63)=0,"",COUNTIFS(_LEITURA!$A$2:$A$1201,3,_LEITURA!$I$2:$I$1201,1)&" linhas lidas · "&SUMIFS(_LEITURA!$G$2:$G$1201,_LEITURA!$A$2:$A$1201,3,_LEITURA!$I$2:$I$1201,1)&" cartas"&IF(COUNTIFS(_LEITURA!$A$2:$A$1201,3,_LEITURA!$L$2:$L$1201,1)>0," · ATENÇÃO: "&COUNTIFS(_LEITURA!$A$2:$A$1201,3,_LEITURA!$L$2:$L$1201,1)&" linha(s) ignorada(s)","")) | D3: =IF(COUNTA(D4:D63)=0,"",COUNTIFS(_LEITURA!$A$2:$A$1201,4,_LEITURA!$I$2:$I$1201,1)&" linhas lidas · "&SUMIFS(_LEITURA!$G$2:$G$1201,_LEITURA!$A$2:$A$1201,4,_LEITURA!$I$2:$I$1201,1)&" cartas"&IF(COUNTIFS(_LEITURA!$A$2:$A$1201,4,_LEITURA!$L$2:$L$1201,1)>0," · ATENÇÃO: "&COUNTIFS(_LEITURA!$A$2:$A$1201,4,_LEITURA!$L$2:$L$1201,1)&" linha(s) ignorada(s)","")) | E3: =IF(COUNTA(E4:E63)=0,"",COUNTIFS(_LEITURA!$A$2:$A$1201,5,_LEITURA!$I$2:$I$1201,1)&" linhas lidas · "&SUMIFS(_LEITURA!$G$2:$G$1201,_LEITURA!$A$2:$A$1201,5,_LEITURA!$I$2:$I$1201,1)&" cartas"&IF(COUNTIFS(_LEITURA!$A$2:$A$1201,5,_LEITURA!$L$2:$L$1201,1)>0," · ATENÇÃO: "&COUNTIFS(_LEITURA!$A$2:$A$1201,5,_LEITURA!$L$2:$L$1201,1)&" linha(s) ignorada(s)","")) | F3: =IF(COUNTA(F4:F63)=0,"",COUNTIFS(_LEITURA!$A$2:$A$1201,6,_LEITURA!$I$2:$I$1201,1)&" linhas lidas · "&SUMIFS(_LEITURA!$G$2:$G$1201,_LEITURA!$A$2:$A$1201,6,_LEITURA!$I$2:$I$1201,1)&" cartas"&IF(COUNTIFS(_LEITURA!$A$2:$A$1201,6,_LEITURA!$L$2:$L$1201,1)>0," · ATENÇÃO: "&COUNTIFS(_LEITURA!$A$2:$A$1201,6,_LEITURA!$L$2:$L$1201,1)&" linha(s) ignorada(s)","")) | G3: =IF(COUNTA(G4:G63)=0,"",COUNTIFS(_LEITURA!$A$2:$A$1201,7,_LEITURA!$I$2:$I$1201,1)&" linhas lidas · "&SUMIFS(_LEITURA!$G$2:$G$1201,_LEITURA!$A$2:$A$1201,7,_LEITURA!$I$2:$I$1201,1)&" cartas"&IF(COUNTIFS(_LEITURA!$A$2:$A$1201,7,_LEITURA!$L$2:$L$1201,1)>0," · ATENÇÃO: "&COUNTIFS(_LEITURA!$A$2:$A$1201,7,_LEITURA!$L$2:$L$1201,1)&" linha(s) ignorada(s)","")) | H3: =IF(COUNTA(H4:H63)=0,"",COUNTIFS(_LEITURA!$A$2:$A$1201,8,_LEITURA!$I$2:$I$1201,1)&" linhas lidas · "&SUMIFS(_LEITURA!$G$2:$G$1201,_LEITURA!$A$2:$A$1201,8,_LEITURA!$I$2:$I$1201,1)&" cartas"&IF(COUNTIFS(_LEITURA!$A$2:$A$1201,8,_LEITURA!$L$2:$L$1201,1)>0," · ATENÇÃO: "&COUNTIFS(_LEITURA!$A$2:$A$1201,8,_LEITURA!$L$2:$L$1201,1)&" linha(s) ignorada(s)","")) | I3: =IF(COUNTA(I4:I63)=0,"",COUNTIFS(_LEITURA!$A$2:$A$1201,9,_LEITURA!$I$2:$I$1201,1)&" linhas lidas · "&SUMIFS(_LEITURA!$G$2:$G$1201,_LEITURA!$A$2:$A$1201,9,_LEITURA!$I$2:$I$1201,1)&" cartas"&IF(COUNTIFS(_LEITURA!$A$2:$A$1201,9,_LEITURA!$L$2:$L$1201,1)>0," · ATENÇÃO: "&COUNTIFS(_LEITURA!$A$2:$A$1201,9,_LEITURA!$L$2:$L$1201,1)&" linha(s) ignorada(s)","")) | J3: =IF(COUNTA(J4:J63)=0,"",COUNTIFS(_LEITURA!$A$2:$A$1201,10,_LEITURA!$I$2:$I$1201,1)&" linhas lidas · "&SUMIFS(_LEITURA!$G$2:$G$1201,_LEITURA!$A$2:$A$1201,10,_LEITURA!$I$2:$I$1201,1)&" cartas"&IF(COUNTIFS(_LEITURA!$A$2:$A$1201,10,_LEITURA!$L$2:$L$1201,1)>0," · ATENÇÃO: "&COUNTIFS(_LEITURA!$A$2:$A$1201,10,_LEITURA!$L$2:$L$1201,1)&" linha(s) ignorada(s)","")) | K3: =IF(COUNTA(K4:K63)=0,"",COUNTIFS(_LEITURA!$A$2:$A$1201,11,_LEITURA!$I$2:$I$1201,1)&" linhas lidas · "&SUMIFS(_LEITURA!$G$2:$G$1201,_LEITURA!$A$2:$A$1201,11,_LEITURA!$I$2:$I$1201,1)&" cartas"&IF(COUNTIFS(_LEITURA!$A$2:$A$1201,11,_LEITURA!$L$2:$L$1201,1)>0," · ATENÇÃO: "&COUNTIFS(_LEITURA!$A$2:$A$1201,11,_LEITURA!$L$2:$L$1201,1)&" linha(s) ignorada(s)","")) | L3: =IF(COUNTA(L4:L63)=0,"",COUNTIFS(_LEITURA!$A$2:$A$1201,12,_LEITURA!$I$2:$I$1201,1)&" linhas lidas · "&SUMIFS(_LEITURA!$G$2:$G$1201,_LEITURA!$A$2:$A$1201,12,_LEITURA!$I$2:$I$1201,1)&" cartas"&IF(COUNTIFS(_LEITURA!$A$2:$A$1201,12,_LEITURA!$L$2:$L$1201,1)>0," · ATENÇÃO: "&COUNTIFS(_LEITURA!$A$2:$A$1201,12,_LEITURA!$L$2:$L$1201,1)&" linha(s) ignorada(s)","")) | M3: =IF(COUNTA(M4:M63)=0,"",COUNTIFS(_LEITURA!$A$2:$A$1201,13,_LEITURA!$I$2:$I$1201,1)&" linhas lidas · "&SUMIFS(_LEITURA!$G$2:$G$1201,_LEITURA!$A$2:$A$1201,13,_LEITURA!$I$2:$I$1201,1)&" cartas"&IF(COUNTIFS(_LEITURA!$A$2:$A$1201,13,_LEITURA!$L$2:$L$1201,1)>0," · ATENÇÃO: "&COUNTIFS(_LEITURA!$A$2:$A$1201,13,_LEITURA!$L$2:$L$1201,1)&" linha(s) ignorada(s)","")) | N3: =IF(COUNTA(N4:N63)=0,"",COUNTIFS(_LEITURA!$A$2:$A$1201,14,_LEITURA!$I$2:$I$1201,1)&" linhas lidas · "&SUMIFS(_LEITURA!$G$2:$G$1201,_LEITURA!$A$2:$A$1201,14,_LEITURA!$I$2:$I$1201,1)&" cartas"&IF(COUNTIFS(_LEITURA!$A$2:$A$1201,14,_LEITURA!$L$2:$L$1201,1)>0," · ATENÇÃO: "&COUNTIFS(_LEITURA!$A$2:$A$1201,14,_LEITURA!$L$2:$L$1201,1)&" linha(s) ignorada(s)","")) | O3: =IF(COUNTA(O4:O63)=0,"",COUNTIFS(_LEITURA!$A$2:$A$1201,15,_LEITURA!$I$2:$I$1201,1)&" linhas lidas · "&SUMIFS(_LEITURA!$G$2:$G$1201,_LEITURA!$A$2:$A$1201,15,_LEITURA!$I$2:$I$1201,1)&" cartas"&IF(COUNTIFS(_LEITURA!$A$2:$A$1201,15,_LEITURA!$L$2:$L$1201,1)>0," · ATENÇÃO: "&COUNTIFS(_LEITURA!$A$2:$A$1201,15,_LEITURA!$L$2:$L$1201,1)&" linha(s) ignorada(s)","")) | P3: =IF(COUNTA(P4:P63)=0,"",COUNTIFS(_LEITURA!$A$2:$A$1201,16,_LEITURA!$I$2:$I$1201,1)&" linhas lidas · "&SUMIFS(_LEITURA!$G$2:$G$1201,_LEITURA!$A$2:$A$1201,16,_LEITURA!$I$2:$I$1201,1)&" cartas"&IF(COUNTIFS(_LEITURA!$A$2:$A$1201,16,_LEITURA!$L$2:$L$1201,1)>0," · ATENÇÃO: "&COUNTIFS(_LEITURA!$A$2:$A$1201,16,_LEITURA!$L$2:$L$1201,1)&" linha(s) ignorada(s)","")) | Q3: =IF(COUNTA(Q4:Q63)=0,"",COUNTIFS(_LEITURA!$A$2:$A$1201,17,_LEITURA!$I$2:$I$1201,1)&" linhas lidas · "&SUMIFS(_LEITURA!$G$2:$G$1201,_LEITURA!$A$2:$A$1201,17,_LEITURA!$I$2:$I$1201,1)&" cartas"&IF(COUNTIFS(_LEITURA!$A$2:$A$1201,17,_LEITURA!$L$2:$L$1201,1)>0," · ATENÇÃO: "&COUNTIFS(_LEITURA!$A$2:$A$1201,17,_LEITURA!$L$2:$L$1201,1)&" linha(s) ignorada(s)","")) | R3: =IF(COUNTA(R4:R63)=0,"",COUNTIFS(_LEITURA!$A$2:$A$1201,18,_LEITURA!$I$2:$I$1201,1)&" linhas lidas · "&SUMIFS(_LEITURA!$G$2:$G$1201,_LEITURA!$A$2:$A$1201,18,_LEITURA!$I$2:$I$1201,1)&" cartas"&IF(COUNTIFS(_LEITURA!$A$2:$A$1201,18,_LEITURA!$L$2:$L$1201,1)>0," · ATENÇÃO: "&COUNTIFS(_LEITURA!$A$2:$A$1201,18,_LEITURA!$L$2:$L$1201,1)&" linha(s) ignorada(s)","")) | S3: =IF(COUNTA(S4:S63)=0,"",COUNTIFS(_LEITURA!$A$2:$A$1201,19,_LEITURA!$I$2:$I$1201,1)&" linhas lidas · "&SUMIFS(_LEITURA!$G$2:$G$1201,_LEITURA!$A$2:$A$1201,19,_LEITURA!$I$2:$I$1201,1)&" cartas"&IF(COUNTIFS(_LEITURA!$A$2:$A$1201,19,_LEITURA!$L$2:$L$1201,1)>0," · ATENÇÃO: "&COUNTIFS(_LEITURA!$A$2:$A$1201,19,_LEITURA!$L$2:$L$1201,1)&" linha(s) ignorada(s)","")) | T3: =IF(COUNTA(T4:T63)=0,"",COUNTIFS(_LEITURA!$A$2:$A$1201,20,_LEITURA!$I$2:$I$1201,1)&" linhas lidas · "&SUMIFS(_LEITURA!$G$2:$G$1201,_LEITURA!$A$2:$A$1201,20,_LEITURA!$I$2:$I$1201,1)&" cartas"&IF(COUNTIFS(_LEITURA!$A$2:$A$1201,20,_LEITURA!$L$2:$L$1201,1)>0," · ATENÇÃO: "&COUNTIFS(_LEITURA!$A$2:$A$1201,20,_LEITURA!$L$2:$L$1201,1)&" linha(s) ignorada(s)",""))

Sheet COMPRAS
A1: Data | B1: Código | C1: Quantidade | D1: Nome da carta (automático) | E1: Loja (opcional) | F1: Preço unitário R$ (opcional) | G1: Observação (opcional) | H1: Valor total R$ | I1: Nome manual (opcional) | J1: Aviso | K1: Código usado (aux) | L1: Código com nome digitado (aux) | N1: RESUMO DAS COMPRAS
D2: =IF(K2="","",IFERROR(INDEX(DECKS!$C$2:$C$1201,MATCH(K2,DECKS!$B$2:$B$1201,0)),TRIM(I2&""))) | H2: =IF(OR(N(C2)=0,N(F2)=0),"",C2*F2) | J2: =IF(K2="","",IF(N(C2)<=0,"Informe a quantidade",IF(IFERROR(INDEX(INVENTÁRIO!$B$2:$B$801,MATCH(K2,INVENTÁRIO!$A$2:$A$801,0)),"")="(sem nome)","Carta fora dos decks: digite o nome na coluna I (opcional)",""))) | K2: =UPPER(TRIM(SUBSTITUTE(B2&"",CHAR(160)," "))) | L2: =IF(AND(K2<>"",TRIM(I2&"")<>""),K2,"") | N2: Cartas registradas (total de cópias) | O2: =SUM(C2:C2001) -> 0
D3: =IF(K3="","",IFERROR(INDEX(DECKS!$C$2:$C$1201,MATCH(K3,DECKS!$B$2:$B$1201,0)),TRIM(I3&""))) | H3: =IF(OR(N(C3)=0,N(F3)=0),"",C3*F3) | J3: =IF(K3="","",IF(N(C3)<=0,"Informe a quantidade",IF(IFERROR(INDEX(INVENTÁRIO!$B$2:$B$801,MATCH(K3,INVENTÁRIO!$A$2:$A$801,0)),"")="(sem nome)","Carta fora dos decks: digite o nome na coluna I (opcional)",""))) | K3: =UPPER(TRIM(SUBSTITUTE(B3&"",CHAR(160)," "))) | L3: =IF(AND(K3<>"",TRIM(I3&"")<>""),K3,"") | N3: Gasto registrado (R$) | O3: =SUM(H2:H2001) -> 0
D4: =IF(K4="","",IFERROR(INDEX(DECKS!$C$2:$C$1201,MATCH(K4,DECKS!$B$2:$B$1201,0)),TRIM(I4&""))) | H4: =IF(OR(N(C4)=0,N(F4)=0),"",C4*F4) | J4: =IF(K4="","",IF(N(C4)<=0,"Informe a quantidade",IF(IFERROR(INDEX(INVENTÁRIO!$B$2:$B$801,MATCH(K4,INVENTÁRIO!$A$2:$A$801,0)),"")="(sem nome)","Carta fora dos decks: digite o nome na coluna I (opcional)",""))) | K4: =UPPER(TRIM(SUBSTITUTE(B4&"",CHAR(160)," "))) | L4: =IF(AND(K4<>"",TRIM(I4&"")<>""),K4,"") | N4: Linhas com aviso | O4: =COUNTIF(J2:J2001,"?*") -> 0
D5: =IF(K5="","",IFERROR(INDEX(DECKS!$C$2:$C$1201,MATCH(K5,DECKS!$B$2:$B$1201,0)),TRIM(I5&""))) | H5: =IF(OR(N(C5)=0,N(F5)=0),"",C5*F5) | J5: =IF(K5="","",IF(N(C5)<=0,"Informe a quantidade",IF(IFERROR(INDEX(INVENTÁRIO!$B$2:$B$801,MATCH(K5,INVENTÁRIO!$A$2:$A$801,0)),"")="(sem nome)","Carta fora dos decks: digite o nome na coluna I (opcional)",""))) | K5: =UPPER(TRIM(SUBSTITUTE(B5&"",CHAR(160)," "))) | L5: =IF(AND(K5<>"",TRIM(I5&"")<>""),K5,"")
D6: =IF(K6="","",IFERROR(INDEX(DECKS!$C$2:$C$1201,MATCH(K6,DECKS!$B$2:$B$1201,0)),TRIM(I6&""))) | H6: =IF(OR(N(C6)=0,N(F6)=0),"",C6*F6) | J6: =IF(K6="","",IF(N(C6)<=0,"Informe a quantidade",IF(IFERROR(INDEX(INVENTÁRIO!$B$2:$B$801,MATCH(K6,INVENTÁRIO!$A$2:$A$801,0)),"")="(sem nome)","Carta fora dos decks: digite o nome na coluna I (opcional)",""))) | K6: =UPPER(TRIM(SUBSTITUTE(B6&"",CHAR(160)," "))) | L6: =IF(AND(K6<>"",TRIM(I6&"")<>""),K6,"")
D7: =IF(K7="","",IFERROR(INDEX(DECKS!$C$2:$C$1201,MATCH(K7,DECKS!$B$2:$B$1201,0)),TRIM(I7&""))) | H7: =IF(OR(N(C7)=0,N(F7)=0),"",C7*F7) | J7: =IF(K7="","",IF(N(C7)<=0,"Informe a quantidade",IF(IFERROR(INDEX(INVENTÁRIO!$B$2:$B$801,MATCH(K7,INVENTÁRIO!$A$2:$A$801,0)),"")="(sem nome)","Carta fora dos decks: digite o nome na coluna I (opcional)",""))) | K7: =UPPER(TRIM(SUBSTITUTE(B7&"",CHAR(160)," "))) | L7: =IF(AND(K7<>"",TRIM(I7&"")<>""),K7,"")
D8: =IF(K8="","",IFERROR(INDEX(DECKS!$C$2:$C$1201,MATCH(K8,DECKS!$B$2:$B$1201,0)),TRIM(I8&""))) | H8: =IF(OR(N(C8)=0,N(F8)=0),"",C8*F8) | J8: =IF(K8="","",IF(N(C8)<=0,"Informe a quantidade",IF(IFERROR(INDEX(INVENTÁRIO!$B$2:$B$801,MATCH(K8,INVENTÁRIO!$A$2:$A$801,0)),"")="(sem nome)","Carta fora dos decks: digite o nome na coluna I (opcional)",""))) | K8: =UPPER(TRIM(SUBSTITUTE(B8&"",CHAR(160)," "))) | L8: =IF(AND(K8<>"",TRIM(I8&"")<>""),K8,"")
D9: =IF(K9="","",IFERROR(INDEX(DECKS!$C$2:$C$1201,MATCH(K9,DECKS!$B$2:$B$1201,0)),TRIM(I9&""))) | H9: =IF(OR(N(C9)=0,N(F9)=0),"",C9*F9) | J9: =IF(K9="","",IF(N(C9)<=0,"Informe a quantidade",IF(IFERROR(INDEX(INVENTÁRIO!$B$2:$B$801,MATCH(K9,INVENTÁRIO!$A$2:$A$801,0)),"")="(sem nome)","Carta fora dos decks: digite o nome na coluna I (opcional)",""))) | K9: =UPPER(TRIM(SUBSTITUTE(B9&"",CHAR(160)," "))) | L9: =IF(AND(K9<>"",TRIM(I9&"")<>""),K9,"")
D10: =IF(K10="","",IFERROR(INDEX(DECKS!$C$2:$C$1201,MATCH(K10,DECKS!$B$2:$B$1201,0)),TRIM(I10&""))) | H10: =IF(OR(N(C10)=0,N(F10)=0),"",C10*F10) | J10: =IF(K10="","",IF(N(C10)<=0,"Informe a quantidade",IF(IFERROR(INDEX(INVENTÁRIO!$B$2:$B$801,MATCH(K10,INVENTÁRIO!$A$2:$A$801,0)),"")="(sem nome)","Carta fora dos decks: digite o nome na coluna I (opcional)",""))) | K10: =UPPER(TRIM(SUBSTITUTE(B10&"",CHAR(160)," "))) | L10: =IF(AND(K10<>"",TRIM(I10&"")<>""),K10,"")
D11: =IF(K11="","",IFERROR(INDEX(DECKS!$C$2:$C$1201,MATCH(K11,DECKS!$B$2:$B$1201,0)),TRIM(I11&""))) | H11: =IF(OR(N(C11)=0,N(F11)=0),"",C11*F11) | J11: =IF(K11="","",IF(N(C11)<=0,"Informe a quantidade",IF(IFERROR(INDEX(INVENTÁRIO!$B$2:$B$801,MATCH(K11,INVENTÁRIO!$A$2:$A$801,0)),"")="(sem nome)","Carta fora dos decks: digite o nome na coluna I (opcional)",""))) | K11: =UPPER(TRIM(SUBSTITUTE(B11&"",CHAR(160)," "))) | L11: =IF(AND(K11<>"",TRIM(I11&"")<>""),K11,"")
D12: =IF(K12="","",IFERROR(INDEX(DECKS!$C$2:$C$1201,MATCH(K12,DECKS!$B$2:$B$1201,0)),TRIM(I12&""))) | H12: =IF(OR(N(C12)=0,N(F12)=0),"",C12*F12) | J12: =IF(K12="","",IF(N(C12)<=0,"Informe a quantidade",IF(IFERROR(INDEX(INVENTÁRIO!$B$2:$B$801,MATCH(K12,INVENTÁRIO!$A$2:$A$801,0)),"")="(sem nome)","Carta fora dos decks: digite o nome na coluna I (opcional)",""))) | K12: =UPPER(TRIM(SUBSTITUTE(B12&"",CHAR(160)," "))) | L12: =IF(AND(K12<>"",TRIM(I12&"")<>""),K12,"")
D13: =IF(K13="","",IFERROR(INDEX(DECKS!$C$2:$C$1201,MATCH(K13,DECKS!$B$2:$B$1201,0)),TRIM(I13&""))) | H13: =IF(OR(N(C13)=0,N(F13)=0),"",C13*F13) | J13: =IF(K13="","",IF(N(C13)<=0,"Informe a quantidade",IF(IFERROR(INDEX(INVENTÁRIO!$B$2:$B$801,MATCH(K13,INVENTÁRIO!$A$2:$A$801,0)),"")="(sem nome)","Carta fora dos decks: digite o nome na coluna I (opcional)",""))) | K13: =UPPER(TRIM(SUBSTITUTE(B13&"",CHAR(160)," "))) | L13: =IF(AND(K13<>"",TRIM(I13&"")<>""),K13,"")
D14: =IF(K14="","",IFERROR(INDEX(DECKS!$C$2:$C$1201,MATCH(K14,DECKS!$B$2:$B$1201,0)),TRIM(I14&""))) | H14: =IF(OR(N(C14)=0,N(F14)=0),"",C14*F14) | J14: =IF(K14="","",IF(N(C14)<=0,"Informe a quantidade",IF(IFERROR(INDEX(INVENTÁRIO!$B$2:$B$801,MATCH(K14,INVENTÁRIO!$A$2:$A$801,0)),"")="(sem nome)","Carta fora dos decks: digite o nome na coluna I (opcional)",""))) | K14: =UPPER(TRIM(SUBSTITUTE(B14&"",CHAR(160)," "))) | L14: =IF(AND(K14<>"",TRIM(I14&"")<>""),K14,"")
D15: =IF(K15="","",IFERROR(INDEX(DECKS!$C$2:$C$1201,MATCH(K15,DECKS!$B$2:$B$1201,0)),TRIM(I15&""))) | H15: =IF(OR(N(C15)=0,N(F15)=0),"",C15*F15) | J15: =IF(K15="","",IF(N(C15)<=0,"Informe a quantidade",IF(IFERROR(INDEX(INVENTÁRIO!$B$2:$B$801,MATCH(K15,INVENTÁRIO!$A$2:$A$801,0)),"")="(sem nome)","Carta fora dos decks: digite o nome na coluna I (opcional)",""))) | K15: =UPPER(TRIM(SUBSTITUTE(B15&"",CHAR(160)," "))) | L15: =IF(AND(K15<>"",TRIM(I15&"")<>""),K15,"")
D16: =IF(K16="","",IFERROR(INDEX(DECKS!$C$2:$C$1201,MATCH(K16,DECKS!$B$2:$B$1201,0)),TRIM(I16&""))) | H16: =IF(OR(N(C16)=0,N(F16)=0),"",C16*F16) | J16: =IF(K16="","",IF(N(C16)<=0,"Informe a quantidade",IF(IFERROR(INDEX(INVENTÁRIO!$B$2:$B$801,MATCH(K16,INVENTÁRIO!$A$2:$A$801,0)),"")="(sem nome)","Carta fora dos decks: digite o nome na coluna I (opcional)",""))) | K16: =UPPER(TRIM(SUBSTITUTE(B16&"",CHAR(160)," "))) | L16: =IF(AND(K16<>"",TRIM(I16&"")<>""),K16,"")
... D2001: =IF(K2001="","",IFERROR(INDEX(DECKS!$C$2:$C$1201,MATCH(K2001,DECKS!$B$2:$B$1201,0)),TRIM(I2001&""))) | H2001: =IF(OR(N(C2001)=0,N(F2001)=0),"",C2001*F2001) | J2001: =IF(K2001="","",IF(N(C2001)<=0,"Informe a quantidade",IF(IFERROR(INDEX(INVENTÁRIO!$B$2:$B$801,MATCH(K2001,INVENTÁRIO!$A$2:$A$801,0)),"")="(sem nome)","Carta fora dos decks: digite o nome na coluna I (opcional)",""))) | K2001: =UPPER(TRIM(SUBSTITUTE(B2001&"",CHAR(160)," "))) | L2001: =IF(AND(K2001<>"",TRIM(I2001&"")<>""),K2001,"")

Sheet INVENTÁRIO
A1: Código | B1: Nome | C1: Tenho | E1: Esta aba é calculada: o Tenho é a soma das COMPRAS. Para mudar, registre uma compra na aba COMPRAS.
A2: =IFERROR(INDEX(_AUX!$A$2:$A$3201,MATCH(ROW()-1,_AUX!$C$2:$C$3201,0)),"") | B2: =IF(A2="","",IFERROR(INDEX(DECKS!$C$2:$C$1201,MATCH(A2,DECKS!$B$2:$B$1201,0)),IFERROR(TRIM(INDEX(COMPRAS!$I$2:$I$2001,MATCH(A2,COMPRAS!$L$2:$L$2001,0))),"(sem nome)"))) | C2: =IF(A2="","",SUMIFS(COMPRAS!$C$2:$C$2001,COMPRAS!$K$2:$K$2001,A2))
A3: =IFERROR(INDEX(_AUX!$A$2:$A$3201,MATCH(ROW()-1,_AUX!$C$2:$C$3201,0)),"") | B3: =IF(A3="","",IFERROR(INDEX(DECKS!$C$2:$C$1201,MATCH(A3,DECKS!$B$2:$B$1201,0)),IFERROR(TRIM(INDEX(COMPRAS!$I$2:$I$2001,MATCH(A3,COMPRAS!$L$2:$L$2001,0))),"(sem nome)"))) | C3: =IF(A3="","",SUMIFS(COMPRAS!$C$2:$C$2001,COMPRAS!$K$2:$K$2001,A3))
A4: =IFERROR(INDEX(_AUX!$A$2:$A$3201,MATCH(ROW()-1,_AUX!$C$2:$C$3201,0)),"") | B4: =IF(A4="","",IFERROR(INDEX(DECKS!$C$2:$C$1201,MATCH(A4,DECKS!$B$2:$B$1201,0)),IFERROR(TRIM(INDEX(COMPRAS!$I$2:$I$2001,MATCH(A4,COMPRAS!$L$2:$L$2001,0))),"(sem nome)"))) | C4: =IF(A4="","",SUMIFS(COMPRAS!$C$2:$C$2001,COMPRAS!$K$2:$K$2001,A4))
A5: =IFERROR(INDEX(_AUX!$A$2:$A$3201,MATCH(ROW()-1,_AUX!$C$2:$C$3201,0)),"") | B5: =IF(A5="","",IFERROR(INDEX(DECKS!$C$2:$C$1201,MATCH(A5,DECKS!$B$2:$B$1201,0)),IFERROR(TRIM(INDEX(COMPRAS!$I$2:$I$2001,MATCH(A5,COMPRAS!$L$2:$L$2001,0))),"(sem nome)"))) | C5: =IF(A5="","",SUMIFS(COMPRAS!$C$2:$C$2001,COMPRAS!$K$2:$K$2001,A5))
A6: =IFERROR(INDEX(_AUX!$A$2:$A$3201,MATCH(ROW()-1,_AUX!$C$2:$C$3201,0)),"") | B6: =IF(A6="","",IFERROR(INDEX(DECKS!$C$2:$C$1201,MATCH(A6,DECKS!$B$2:$B$1201,0)),IFERROR(TRIM(INDEX(COMPRAS!$I$2:$I$2001,MATCH(A6,COMPRAS!$L$2:$L$2001,0))),"(sem nome)"))) | C6: =IF(A6="","",SUMIFS(COMPRAS!$C$2:$C$2001,COMPRAS!$K$2:$K$2001,A6))
A7: =IFERROR(INDEX(_AUX!$A$2:$A$3201,MATCH(ROW()-1,_AUX!$C$2:$C$3201,0)),"") | B7: =IF(A7="","",IFERROR(INDEX(DECKS!$C$2:$C$1201,MATCH(A7,DECKS!$B$2:$B$1201,0)),IFERROR(TRIM(INDEX(COMPRAS!$I$2:$I$2001,MATCH(A7,COMPRAS!$L$2:$L$2001,0))),"(sem nome)"))) | C7: =IF(A7="","",SUMIFS(COMPRAS!$C$2:$C$2001,COMPRAS!$K$2:$K$2001,A7))
A8: =IFERROR(INDEX(_AUX!$A$2:$A$3201,MATCH(ROW()-1,_AUX!$C$2:$C$3201,0)),"") | B8: =IF(A8="","",IFERROR(INDEX(DECKS!$C$2:$C$1201,MATCH(A8,DECKS!$B$2:$B$1201,0)),IFERROR(TRIM(INDEX(COMPRAS!$I$2:$I$2001,MATCH(A8,COMPRAS!$L$2:$L$2001,0))),"(sem nome)"))) | C8: =IF(A8="","",SUMIFS(COMPRAS!$C$2:$C$2001,COMPRAS!$K$2:$K$2001,A8))
A9: =IFERROR(INDEX(_AUX!$A$2:$A$3201,MATCH(ROW()-1,_AUX!$C$2:$C$3201,0)),"") | B9: =IF(A9="","",IFERROR(INDEX(DECKS!$C$2:$C$1201,MATCH(A9,DECKS!$B$2:$B$1201,0)),IFERROR(TRIM(INDEX(COMPRAS!$I$2:$I$2001,MATCH(A9,COMPRAS!$L$2:$L$2001,0))),"(sem nome)"))) | C9: =IF(A9="","",SUMIFS(COMPRAS!$C$2:$C$2001,COMPRAS!$K$2:$K$2001,A9))
A10: =IFERROR(INDEX(_AUX!$A$2:$A$3201,MATCH(ROW()-1,_AUX!$C$2:$C$3201,0)),"") | B10: =IF(A10="","",IFERROR(INDEX(DECKS!$C$2:$C$1201,MATCH(A10,DECKS!$B$2:$B$1201,0)),IFERROR(TRIM(INDEX(COMPRAS!$I$2:$I$2001,MATCH(A10,COMPRAS!$L$2:$L$2001,0))),"(sem nome)"))) | C10: =IF(A10="","",SUMIFS(COMPRAS!$C$2:$C$2001,COMPRAS!$K$2:$K$2001,A10))
A11: =IFERROR(INDEX(_AUX!$A$2:$A$3201,MATCH(ROW()-1,_AUX!$C$2:$C$3201,0)),"") | B11: =IF(A11="","",IFERROR(INDEX(DECKS!$C$2:$C$1201,MATCH(A11,DECKS!$B$2:$B$1201,0)),IFERROR(TRIM(INDEX(COMPRAS!$I$2:$I$2001,MATCH(A11,COMPRAS!$L$2:$L$2001,0))),"(sem nome)"))) | C11: =IF(A11="","",SUMIFS(COMPRAS!$C$2:$C$2001,COMPRAS!$K$2:$K$2001,A11))
A12: =IFERROR(INDEX(_AUX!$A$2:$A$3201,MATCH(ROW()-1,_AUX!$C$2:$C$3201,0)),"") | B12: =IF(A12="","",IFERROR(INDEX(DECKS!$C$2:$C$1201,MATCH(A12,DECKS!$B$2:$B$1201,0)),IFERROR(TRIM(INDEX(COMPRAS!$I$2:$I$2001,MATCH(A12,COMPRAS!$L$2:$L$2001,0))),"(sem nome)"))) | C12: =IF(A12="","",SUMIFS(COMPRAS!$C$2:$C$2001,COMPRAS!$K$2:$K$2001,A12))
A13: =IFERROR(INDEX(_AUX!$A$2:$A$3201,MATCH(ROW()-1,_AUX!$C$2:$C$3201,0)),"") | B13: =IF(A13="","",IFERROR(INDEX(DECKS!$C$2:$C$1201,MATCH(A13,DECKS!$B$2:$B$1201,0)),IFERROR(TRIM(INDEX(COMPRAS!$I$2:$I$2001,MATCH(A13,COMPRAS!$L$2:$L$2001,0))),"(sem nome)"))) | C13: =IF(A13="","",SUMIFS(COMPRAS!$C$2:$C$2001,COMPRAS!$K$2:$K$2001,A13))
... A801: =IFERROR(INDEX(_AUX!$A$2:$A$3201,MATCH(ROW()-1,_AUX!$C$2:$C$3201,0)),"") | B801: =IF(A801="","",IFERROR(INDEX(DECKS!$C$2:$C$1201,MATCH(A801,DECKS!$B$2:$B$1201,0)),IFERROR(TRIM(INDEX(COMPRAS!$I$2:$I$2001,MATCH(A801,COMPRAS!$L$2:$L$2001,0))),"(sem nome)"))) | C801: =IF(A801="","",SUMIFS(COMPRAS!$C$2:$C$2001,COMPRAS!$K$2:$K$2001,A801))

Sheet DECKS
A1: Deck | B1: Código | C1: Nome | D1: Quantidade necessária | E1: Tenho (global) | F1: Falta para o deck | G1: Compartilhada? | H1: Seq. falta (aux) | I1: Alerta | J1: Seq. deck da aba BULK (aux) | K1: Antes do hífen (aux) | L1: Nº de letras (aux) | M1: Chave do código (aux) | N1: Chave de ordenação (aux) | O1: Posição na ordenação (aux) | Q1: Aba calculada a partir da aba LISTAS. Não edite aqui.
A2: =IF(_LEITURA!$N2="","",INDEX(_LEITURA!$K$2:$K$1201,_LEITURA!$N2)) | B2: =IF(_LEITURA!$N2="","",INDEX(_LEITURA!$E$2:$E$1201,_LEITURA!$N2)) | C2: =IF(_LEITURA!$N2="","",INDEX(_LEITURA!$J$2:$J$1201,_LEITURA!$N2)) | D2: =IF(_LEITURA!$N2="","",INDEX(_LEITURA!$G$2:$G$1201,_LEITURA!$N2)) | E2: =IF(B2="","",SUMIFS(INVENTÁRIO!$C$2:$C$801,INVENTÁRIO!$A$2:$A$801,B2)) | F2: =IF(B2="","",MAX(0,D2-E2)) | G2: =IF(B2="","",IF(COUNTIFS($B$2:$B$1201,B2,$A$2:$A$1201,"<>"&A2)>0,"Sim","")) | H2: =IF(N(F2)>0,MAX(H$1:H1)+1,"") | I2: =IF(B2="","",IF(INDEX($C$2:$C$1201,MATCH(B2,$B$2:$B$1201,0))<>C2,"Nome diferente em outro deck — revisar","")) | J2: =IF(AND(B2<>"",A2=BULK!$A$1,N(F2)>0),MAX(J$1:J1)+1,"") | K2: =IF(B2="","",IFERROR(LEFT(B2,FIND("-",B2)-1),B2)) | L2: =IF(K2="","",IF(ISNUMBER(--MID(K2,1,1)),0,IF(ISNUMBER(--MID(K2,2,1)),1,IF(ISNUMBER(--MID(K2,3,1)),2,IF(ISNUMBER(--MID(K2,4,1)),3,MIN(LEN(K2),4)))))) | M2: =IF(B2="","",LEFT(K2,L2)&REPT("0",4-L2)&RIGHT("000"&IFERROR(VALUE(MID(K2,L2+1,9)),0),3)&RIGHT("0000"&IFERROR(VALUE(MID(B2,FIND("-",B2)+1,9)),0),4)) | N2: =IF(OR(B2="",N(F2)<=0),"",IF('FALTAS POR DECK'!$P$1="Código","K"&M2&RIGHT("00000"&ROW(),5),IF('FALTAS POR DECK'!$P$1="Nome","K"&UPPER(SUBSTITUTE(SUBSTITUTE(SUBSTITUTE(C2,"*",""),"?",""),"~",""))&"0"&M2&RIGHT("00000"&ROW(),5),IF('FALTAS POR DECK'!$P$1="Falta (maior primeiro)","K"&RIGHT("0000"&(9999-F2),4)&M2&RIGHT("00000"&ROW(),5),IF('FALTAS POR DECK'!$P$1="Deck e código","K"&RIGHT("00"&IFERROR(MATCH(A2,_LEITURA!$P$2:$P$21,0),99),2)&M2&RIGHT("00000"&ROW(),5),"K"&RIGHT("00000"&ROW(),5)))))) | O2: =IF(N2="","",COUNTIFS($N$2:$N$1201,"<"&N2,$F$2:$F$1201,">0")+1)
A3: =IF(_LEITURA!$N3="","",INDEX(_LEITURA!$K$2:$K$1201,_LEITURA!$N3)) | B3: =IF(_LEITURA!$N3="","",INDEX(_LEITURA!$E$2:$E$1201,_LEITURA!$N3)) | C3: =IF(_LEITURA!$N3="","",INDEX(_LEITURA!$J$2:$J$1201,_LEITURA!$N3)) | D3: =IF(_LEITURA!$N3="","",INDEX(_LEITURA!$G$2:$G$1201,_LEITURA!$N3)) | E3: =IF(B3="","",SUMIFS(INVENTÁRIO!$C$2:$C$801,INVENTÁRIO!$A$2:$A$801,B3)) | F3: =IF(B3="","",MAX(0,D3-E3)) | G3: =IF(B3="","",IF(COUNTIFS($B$2:$B$1201,B3,$A$2:$A$1201,"<>"&A3)>0,"Sim","")) | H3: =IF(N(F3)>0,MAX(H$1:H2)+1,"") | I3: =IF(B3="","",IF(INDEX($C$2:$C$1201,MATCH(B3,$B$2:$B$1201,0))<>C3,"Nome diferente em outro deck — revisar","")) | J3: =IF(AND(B3<>"",A3=BULK!$A$1,N(F3)>0),MAX(J$1:J2)+1,"") | K3: =IF(B3="","",IFERROR(LEFT(B3,FIND("-",B3)-1),B3)) | L3: =IF(K3="","",IF(ISNUMBER(--MID(K3,1,1)),0,IF(ISNUMBER(--MID(K3,2,1)),1,IF(ISNUMBER(--MID(K3,3,1)),2,IF(ISNUMBER(--MID(K3,4,1)),3,MIN(LEN(K3),4)))))) | M3: =IF(B3="","",LEFT(K3,L3)&REPT("0",4-L3)&RIGHT("000"&IFERROR(VALUE(MID(K3,L3+1,9)),0),3)&RIGHT("0000"&IFERROR(VALUE(MID(B3,FIND("-",B3)+1,9)),0),4)) | N3: =IF(OR(B3="",N(F3)<=0),"",IF('FALTAS POR DECK'!$P$1="Código","K"&M3&RIGHT("00000"&ROW(),5),IF('FALTAS POR DECK'!$P$1="Nome","K"&UPPER(SUBSTITUTE(SUBSTITUTE(SUBSTITUTE(C3,"*",""),"?",""),"~",""))&"0"&M3&RIGHT("00000"&ROW(),5),IF('FALTAS POR DECK'!$P$1="Falta (maior primeiro)","K"&RIGHT("0000"&(9999-F3),4)&M3&RIGHT("00000"&ROW(),5),IF('FALTAS POR DECK'!$P$1="Deck e código","K"&RIGHT("00"&IFERROR(MATCH(A3,_LEITURA!$P$2:$P$21,0),99),2)&M3&RIGHT("00000"&ROW(),5),"K"&RIGHT("00000"&ROW(),5)))))) | O3: =IF(N3="","",COUNTIFS($N$2:$N$1201,"<"&N3,$F$2:$F$1201,">0")+1)
A4: =IF(_LEITURA!$N4="","",INDEX(_LEITURA!$K$2:$K$1201,_LEITURA!$N4)) | B4: =IF(_LEITURA!$N4="","",INDEX(_LEITURA!$E$2:$E$1201,_LEITURA!$N4)) | C4: =IF(_LEITURA!$N4="","",INDEX(_LEITURA!$J$2:$J$1201,_LEITURA!$N4)) | D4: =IF(_LEITURA!$N4="","",INDEX(_LEITURA!$G$2:$G$1201,_LEITURA!$N4)) | E4: =IF(B4="","",SUMIFS(INVENTÁRIO!$C$2:$C$801,INVENTÁRIO!$A$2:$A$801,B4)) | F4: =IF(B4="","",MAX(0,D4-E4)) | G4: =IF(B4="","",IF(COUNTIFS($B$2:$B$1201,B4,$A$2:$A$1201,"<>"&A4)>0,"Sim","")) | H4: =IF(N(F4)>0,MAX(H$1:H3)+1,"") | I4: =IF(B4="","",IF(INDEX($C$2:$C$1201,MATCH(B4,$B$2:$B$1201,0))<>C4,"Nome diferente em outro deck — revisar","")) | J4: =IF(AND(B4<>"",A4=BULK!$A$1,N(F4)>0),MAX(J$1:J3)+1,"") | K4: =IF(B4="","",IFERROR(LEFT(B4,FIND("-",B4)-1),B4)) | L4: =IF(K4="","",IF(ISNUMBER(--MID(K4,1,1)),0,IF(ISNUMBER(--MID(K4,2,1)),1,IF(ISNUMBER(--MID(K4,3,1)),2,IF(ISNUMBER(--MID(K4,4,1)),3,MIN(LEN(K4),4)))))) | M4: =IF(B4="","",LEFT(K4,L4)&REPT("0",4-L4)&RIGHT("000"&IFERROR(VALUE(MID(K4,L4+1,9)),0),3)&RIGHT("0000"&IFERROR(VALUE(MID(B4,FIND("-",B4)+1,9)),0),4)) | N4: =IF(OR(B4="",N(F4)<=0),"",IF('FALTAS POR DECK'!$P$1="Código","K"&M4&RIGHT("00000"&ROW(),5),IF('FALTAS POR DECK'!$P$1="Nome","K"&UPPER(SUBSTITUTE(SUBSTITUTE(SUBSTITUTE(C4,"*",""),"?",""),"~",""))&"0"&M4&RIGHT("00000"&ROW(),5),IF('FALTAS POR DECK'!$P$1="Falta (maior primeiro)","K"&RIGHT("0000"&(9999-F4),4)&M4&RIGHT("00000"&ROW(),5),IF('FALTAS POR DECK'!$P$1="Deck e código","K"&RIGHT("00"&IFERROR(MATCH(A4,_LEITURA!$P$2:$P$21,0),99),2)&M4&RIGHT("00000"&ROW(),5),"K"&RIGHT("00000"&ROW(),5)))))) | O4: =IF(N4="","",COUNTIFS($N$2:$N$1201,"<"&N4,$F$2:$F$1201,">0")+1)
A5: =IF(_LEITURA!$N5="","",INDEX(_LEITURA!$K$2:$K$1201,_LEITURA!$N5)) | B5: =IF(_LEITURA!$N5="","",INDEX(_LEITURA!$E$2:$E$1201,_LEITURA!$N5)) | C5: =IF(_LEITURA!$N5="","",INDEX(_LEITURA!$J$2:$J$1201,_LEITURA!$N5)) | D5: =IF(_LEITURA!$N5="","",INDEX(_LEITURA!$G$2:$G$1201,_LEITURA!$N5)) | E5: =IF(B5="","",SUMIFS(INVENTÁRIO!$C$2:$C$801,INVENTÁRIO!$A$2:$A$801,B5)) | F5: =IF(B5="","",MAX(0,D5-E5)) | G5: =IF(B5="","",IF(COUNTIFS($B$2:$B$1201,B5,$A$2:$A$1201,"<>"&A5)>0,"Sim","")) | H5: =IF(N(F5)>0,MAX(H$1:H4)+1,"") | I5: =IF(B5="","",IF(INDEX($C$2:$C$1201,MATCH(B5,$B$2:$B$1201,0))<>C5,"Nome diferente em outro deck — revisar","")) | J5: =IF(AND(B5<>"",A5=BULK!$A$1,N(F5)>0),MAX(J$1:J4)+1,"") | K5: =IF(B5="","",IFERROR(LEFT(B5,FIND("-",B5)-1),B5)) | L5: =IF(K5="","",IF(ISNUMBER(--MID(K5,1,1)),0,IF(ISNUMBER(--MID(K5,2,1)),1,IF(ISNUMBER(--MID(K5,3,1)),2,IF(ISNUMBER(--MID(K5,4,1)),3,MIN(LEN(K5),4)))))) | M5: =IF(B5="","",LEFT(K5,L5)&REPT("0",4-L5)&RIGHT("000"&IFERROR(VALUE(MID(K5,L5+1,9)),0),3)&RIGHT("0000"&IFERROR(VALUE(MID(B5,FIND("-",B5)+1,9)),0),4)) | N5: =IF(OR(B5="",N(F5)<=0),"",IF('FALTAS POR DECK'!$P$1="Código","K"&M5&RIGHT("00000"&ROW(),5),IF('FALTAS POR DECK'!$P$1="Nome","K"&UPPER(SUBSTITUTE(SUBSTITUTE(SUBSTITUTE(C5,"*",""),"?",""),"~",""))&"0"&M5&RIGHT("00000"&ROW(),5),IF('FALTAS POR DECK'!$P$1="Falta (maior primeiro)","K"&RIGHT("0000"&(9999-F5),4)&M5&RIGHT("00000"&ROW(),5),IF('FALTAS POR DECK'!$P$1="Deck e código","K"&RIGHT("00"&IFERROR(MATCH(A5,_LEITURA!$P$2:$P$21,0),99),2)&M5&RIGHT("00000"&ROW(),5),"K"&RIGHT("00000"&ROW(),5)))))) | O5: =IF(N5="","",COUNTIFS($N$2:$N$1201,"<"&N5,$F$2:$F$1201,">0")+1)
A6: =IF(_LEITURA!$N6="","",INDEX(_LEITURA!$K$2:$K$1201,_LEITURA!$N6)) | B6: =IF(_LEITURA!$N6="","",INDEX(_LEITURA!$E$2:$E$1201,_LEITURA!$N6)) | C6: =IF(_LEITURA!$N6="","",INDEX(_LEITURA!$J$2:$J$1201,_LEITURA!$N6)) | D6: =IF(_LEITURA!$N6="","",INDEX(_LEITURA!$G$2:$G$1201,_LEITURA!$N6)) | E6: =IF(B6="","",SUMIFS(INVENTÁRIO!$C$2:$C$801,INVENTÁRIO!$A$2:$A$801,B6)) | F6: =IF(B6="","",MAX(0,D6-E6)) | G6: =IF(B6="","",IF(COUNTIFS($B$2:$B$1201,B6,$A$2:$A$1201,"<>"&A6)>0,"Sim","")) | H6: =IF(N(F6)>0,MAX(H$1:H5)+1,"") | I6: =IF(B6="","",IF(INDEX($C$2:$C$1201,MATCH(B6,$B$2:$B$1201,0))<>C6,"Nome diferente em outro deck — revisar","")) | J6: =IF(AND(B6<>"",A6=BULK!$A$1,N(F6)>0),MAX(J$1:J5)+1,"") | K6: =IF(B6="","",IFERROR(LEFT(B6,FIND("-",B6)-1),B6)) | L6: =IF(K6="","",IF(ISNUMBER(--MID(K6,1,1)),0,IF(ISNUMBER(--MID(K6,2,1)),1,IF(ISNUMBER(--MID(K6,3,1)),2,IF(ISNUMBER(--MID(K6,4,1)),3,MIN(LEN(K6),4)))))) | M6: =IF(B6="","",LEFT(K6,L6)&REPT("0",4-L6)&RIGHT("000"&IFERROR(VALUE(MID(K6,L6+1,9)),0),3)&RIGHT("0000"&IFERROR(VALUE(MID(B6,FIND("-",B6)+1,9)),0),4)) | N6: =IF(OR(B6="",N(F6)<=0),"",IF('FALTAS POR DECK'!$P$1="Código","K"&M6&RIGHT("00000"&ROW(),5),IF('FALTAS POR DECK'!$P$1="Nome","K"&UPPER(SUBSTITUTE(SUBSTITUTE(SUBSTITUTE(C6,"*",""),"?",""),"~",""))&"0"&M6&RIGHT("00000"&ROW(),5),IF('FALTAS POR DECK'!$P$1="Falta (maior primeiro)","K"&RIGHT("0000"&(9999-F6),4)&M6&RIGHT("00000"&ROW(),5),IF('FALTAS POR DECK'!$P$1="Deck e código","K"&RIGHT("00"&IFERROR(MATCH(A6,_LEITURA!$P$2:$P$21,0),99),2)&M6&RIGHT("00000"&ROW(),5),"K"&RIGHT("00000"&ROW(),5)))))) | O6: =IF(N6="","",COUNTIFS($N$2:$N$1201,"<"&N6,$F$2:$F$1201,">0")+1)
A7: =IF(_LEITURA!$N7="","",INDEX(_LEITURA!$K$2:$K$1201,_LEITURA!$N7)) | B7: =IF(_LEITURA!$N7="","",INDEX(_LEITURA!$E$2:$E$1201,_LEITURA!$N7)) | C7: =IF(_LEITURA!$N7="","",INDEX(_LEITURA!$J$2:$J$1201,_LEITURA!$N7)) | D7: =IF(_LEITURA!$N7="","",INDEX(_LEITURA!$G$2:$G$1201,_LEITURA!$N7)) | E7: =IF(B7="","",SUMIFS(INVENTÁRIO!$C$2:$C$801,INVENTÁRIO!$A$2:$A$801,B7)) | F7: =IF(B7="","",MAX(0,D7-E7)) | G7: =IF(B7="","",IF(COUNTIFS($B$2:$B$1201,B7,$A$2:$A$1201,"<>"&A7)>0,"Sim","")) | H7: =IF(N(F7)>0,MAX(H$1:H6)+1,"") | I7: =IF(B7="","",IF(INDEX($C$2:$C$1201,MATCH(B7,$B$2:$B$1201,0))<>C7,"Nome diferente em outro deck — revisar","")) | J7: =IF(AND(B7<>"",A7=BULK!$A$1,N(F7)>0),MAX(J$1:J6)+1,"") | K7: =IF(B7="","",IFERROR(LEFT(B7,FIND("-",B7)-1),B7)) | L7: =IF(K7="","",IF(ISNUMBER(--MID(K7,1,1)),0,IF(ISNUMBER(--MID(K7,2,1)),1,IF(ISNUMBER(--MID(K7,3,1)),2,IF(ISNUMBER(--MID(K7,4,1)),3,MIN(LEN(K7),4)))))) | M7: =IF(B7="","",LEFT(K7,L7)&REPT("0",4-L7)&RIGHT("000"&IFERROR(VALUE(MID(K7,L7+1,9)),0),3)&RIGHT("0000"&IFERROR(VALUE(MID(B7,FIND("-",B7)+1,9)),0),4)) | N7: =IF(OR(B7="",N(F7)<=0),"",IF('FALTAS POR DECK'!$P$1="Código","K"&M7&RIGHT("00000"&ROW(),5),IF('FALTAS POR DECK'!$P$1="Nome","K"&UPPER(SUBSTITUTE(SUBSTITUTE(SUBSTITUTE(C7,"*",""),"?",""),"~",""))&"0"&M7&RIGHT("00000"&ROW(),5),IF('FALTAS POR DECK'!$P$1="Falta (maior primeiro)","K"&RIGHT("0000"&(9999-F7),4)&M7&RIGHT("00000"&ROW(),5),IF('FALTAS POR DECK'!$P$1="Deck e código","K"&RIGHT("00"&IFERROR(MATCH(A7,_LEITURA!$P$2:$P$21,0),99),2)&M7&RIGHT("00000"&ROW(),5),"K"&RIGHT("00000"&ROW(),5)))))) | O7: =IF(N7="","",COUNTIFS($N$2:$N$1201,"<"&N7,$F$2:$F$1201,">0")+1)
A8: =IF(_LEITURA!$N8="","",INDEX(_LEITURA!$K$2:$K$1201,_LEITURA!$N8)) | B8: =IF(_LEITURA!$N8="","",INDEX(_LEITURA!$E$2:$E$1201,_LEITURA!$N8)) | C8: =IF(_LEITURA!$N8="","",INDEX(_LEITURA!$J$2:$J$1201,_LEITURA!$N8)) | D8: =IF(_LEITURA!$N8="","",INDEX(_LEITURA!$G$2:$G$1201,_LEITURA!$N8)) | E8: =IF(B8="","",SUMIFS(INVENTÁRIO!$C$2:$C$801,INVENTÁRIO!$A$2:$A$801,B8)) | F8: =IF(B8="","",MAX(0,D8-E8)) | G8: =IF(B8="","",IF(COUNTIFS($B$2:$B$1201,B8,$A$2:$A$1201,"<>"&A8)>0,"Sim","")) | H8: =IF(N(F8)>0,MAX(H$1:H7)+1,"") | I8: =IF(B8="","",IF(INDEX($C$2:$C$1201,MATCH(B8,$B$2:$B$1201,0))<>C8,"Nome diferente em outro deck — revisar","")) | J8: =IF(AND(B8<>"",A8=BULK!$A$1,N(F8)>0),MAX(J$1:J7)+1,"") | K8: =IF(B8="","",IFERROR(LEFT(B8,FIND("-",B8)-1),B8)) | L8: =IF(K8="","",IF(ISNUMBER(--MID(K8,1,1)),0,IF(ISNUMBER(--MID(K8,2,1)),1,IF(ISNUMBER(--MID(K8,3,1)),2,IF(ISNUMBER(--MID(K8,4,1)),3,MIN(LEN(K8),4)))))) | M8: =IF(B8="","",LEFT(K8,L8)&REPT("0",4-L8)&RIGHT("000"&IFERROR(VALUE(MID(K8,L8+1,9)),0),3)&RIGHT("0000"&IFERROR(VALUE(MID(B8,FIND("-",B8)+1,9)),0),4)) | N8: =IF(OR(B8="",N(F8)<=0),"",IF('FALTAS POR DECK'!$P$1="Código","K"&M8&RIGHT("00000"&ROW(),5),IF('FALTAS POR DECK'!$P$1="Nome","K"&UPPER(SUBSTITUTE(SUBSTITUTE(SUBSTITUTE(C8,"*",""),"?",""),"~",""))&"0"&M8&RIGHT("00000"&ROW(),5),IF('FALTAS POR DECK'!$P$1="Falta (maior primeiro)","K"&RIGHT("0000"&(9999-F8),4)&M8&RIGHT("00000"&ROW(),5),IF('FALTAS POR DECK'!$P$1="Deck e código","K"&RIGHT("00"&IFERROR(MATCH(A8,_LEITURA!$P$2:$P$21,0),99),2)&M8&RIGHT("00000"&ROW(),5),"K"&RIGHT("00000"&ROW(),5)))))) | O8: =IF(N8="","",COUNTIFS($N$2:$N$1201,"<"&N8,$F$2:$F$1201,">0")+1)
A9: =IF(_LEITURA!$N9="","",INDEX(_LEITURA!$K$2:$K$1201,_LEITURA!$N9)) | B9: =IF(_LEITURA!$N9="","",INDEX(_LEITURA!$E$2:$E$1201,_LEITURA!$N9)) | C9: =IF(_LEITURA!$N9="","",INDEX(_LEITURA!$J$2:$J$1201,_LEITURA!$N9)) | D9: =IF(_LEITURA!$N9="","",INDEX(_LEITURA!$G$2:$G$1201,_LEITURA!$N9)) | E9: =IF(B9="","",SUMIFS(INVENTÁRIO!$C$2:$C$801,INVENTÁRIO!$A$2:$A$801,B9)) | F9: =IF(B9="","",MAX(0,D9-E9)) | G9: =IF(B9="","",IF(COUNTIFS($B$2:$B$1201,B9,$A$2:$A$1201,"<>"&A9)>0,"Sim","")) | H9: =IF(N(F9)>0,MAX(H$1:H8)+1,"") | I9: =IF(B9="","",IF(INDEX($C$2:$C$1201,MATCH(B9,$B$2:$B$1201,0))<>C9,"Nome diferente em outro deck — revisar","")) | J9: =IF(AND(B9<>"",A9=BULK!$A$1,N(F9)>0),MAX(J$1:J8)+1,"") | K9: =IF(B9="","",IFERROR(LEFT(B9,FIND("-",B9)-1),B9)) | L9: =IF(K9="","",IF(ISNUMBER(--MID(K9,1,1)),0,IF(ISNUMBER(--MID(K9,2,1)),1,IF(ISNUMBER(--MID(K9,3,1)),2,IF(ISNUMBER(--MID(K9,4,1)),3,MIN(LEN(K9),4)))))) | M9: =IF(B9="","",LEFT(K9,L9)&REPT("0",4-L9)&RIGHT("000"&IFERROR(VALUE(MID(K9,L9+1,9)),0),3)&RIGHT("0000"&IFERROR(VALUE(MID(B9,FIND("-",B9)+1,9)),0),4)) | N9: =IF(OR(B9="",N(F9)<=0),"",IF('FALTAS POR DECK'!$P$1="Código","K"&M9&RIGHT("00000"&ROW(),5),IF('FALTAS POR DECK'!$P$1="Nome","K"&UPPER(SUBSTITUTE(SUBSTITUTE(SUBSTITUTE(C9,"*",""),"?",""),"~",""))&"0"&M9&RIGHT("00000"&ROW(),5),IF('FALTAS POR DECK'!$P$1="Falta (maior primeiro)","K"&RIGHT("0000"&(9999-F9),4)&M9&RIGHT("00000"&ROW(),5),IF('FALTAS POR DECK'!$P$1="Deck e código","K"&RIGHT("00"&IFERROR(MATCH(A9,_LEITURA!$P$2:$P$21,0),99),2)&M9&RIGHT("00000"&ROW(),5),"K"&RIGHT("00000"&ROW(),5)))))) | O9: =IF(N9="","",COUNTIFS($N$2:$N$1201,"<"&N9,$F$2:$F$1201,">0")+1)
A10: =IF(_LEITURA!$N10="","",INDEX(_LEITURA!$K$2:$K$1201,_LEITURA!$N10)) | B10: =IF(_LEITURA!$N10="","",INDEX(_LEITURA!$E$2:$E$1201,_LEITURA!$N10)) | C10: =IF(_LEITURA!$N10="","",INDEX(_LEITURA!$J$2:$J$1201,_LEITURA!$N10)) | D10: =IF(_LEITURA!$N10="","",INDEX(_LEITURA!$G$2:$G$1201,_LEITURA!$N10)) | E10: =IF(B10="","",SUMIFS(INVENTÁRIO!$C$2:$C$801,INVENTÁRIO!$A$2:$A$801,B10)) | F10: =IF(B10="","",MAX(0,D10-E10)) | G10: =IF(B10="","",IF(COUNTIFS($B$2:$B$1201,B10,$A$2:$A$1201,"<>"&A10)>0,"Sim","")) | H10: =IF(N(F10)>0,MAX(H$1:H9)+1,"") | I10: =IF(B10="","",IF(INDEX($C$2:$C$1201,MATCH(B10,$B$2:$B$1201,0))<>C10,"Nome diferente em outro deck — revisar","")) | J10: =IF(AND(B10<>"",A10=BULK!$A$1,N(F10)>0),MAX(J$1:J9)+1,"") | K10: =IF(B10="","",IFERROR(LEFT(B10,FIND("-",B10)-1),B10)) | L10: =IF(K10="","",IF(ISNUMBER(--MID(K10,1,1)),0,IF(ISNUMBER(--MID(K10,2,1)),1,IF(ISNUMBER(--MID(K10,3,1)),2,IF(ISNUMBER(--MID(K10,4,1)),3,MIN(LEN(K10),4)))))) | M10: =IF(B10="","",LEFT(K10,L10)&REPT("0",4-L10)&RIGHT("000"&IFERROR(VALUE(MID(K10,L10+1,9)),0),3)&RIGHT("0000"&IFERROR(VALUE(MID(B10,FIND("-",B10)+1,9)),0),4)) | N10: =IF(OR(B10="",N(F10)<=0),"",IF('FALTAS POR DECK'!$P$1="Código","K"&M10&RIGHT("00000"&ROW(),5),IF('FALTAS POR DECK'!$P$1="Nome","K"&UPPER(SUBSTITUTE(SUBSTITUTE(SUBSTITUTE(C10,"*",""),"?",""),"~",""))&"0"&M10&RIGHT("00000"&ROW(),5),IF('FALTAS POR DECK'!$P$1="Falta (maior primeiro)","K"&RIGHT("0000"&(9999-F10),4)&M10&RIGHT("00000"&ROW(),5),IF('FALTAS POR DECK'!$P$1="Deck e código","K"&RIGHT("00"&IFERROR(MATCH(A10,_LEITURA!$P$2:$P$21,0),99),2)&M10&RIGHT("00000"&ROW(),5),"K"&RIGHT("00000"&ROW(),5)))))) | O10: =IF(N10="","",COUNTIFS($N$2:$N$1201,"<"&N10,$F$2:$F$1201,">0")+1)
A11: =IF(_LEITURA!$N11="","",INDEX(_LEITURA!$K$2:$K$1201,_LEITURA!$N11)) | B11: =IF(_LEITURA!$N11="","",INDEX(_LEITURA!$E$2:$E$1201,_LEITURA!$N11)) | C11: =IF(_LEITURA!$N11="","",INDEX(_LEITURA!$J$2:$J$1201,_LEITURA!$N11)) | D11: =IF(_LEITURA!$N11="","",INDEX(_LEITURA!$G$2:$G$1201,_LEITURA!$N11)) | E11: =IF(B11="","",SUMIFS(INVENTÁRIO!$C$2:$C$801,INVENTÁRIO!$A$2:$A$801,B11)) | F11: =IF(B11="","",MAX(0,D11-E11)) | G11: =IF(B11="","",IF(COUNTIFS($B$2:$B$1201,B11,$A$2:$A$1201,"<>"&A11)>0,"Sim","")) | H11: =IF(N(F11)>0,MAX(H$1:H10)+1,"") | I11: =IF(B11="","",IF(INDEX($C$2:$C$1201,MATCH(B11,$B$2:$B$1201,0))<>C11,"Nome diferente em outro deck — revisar","")) | J11: =IF(AND(B11<>"",A11=BULK!$A$1,N(F11)>0),MAX(J$1:J10)+1,"") | K11: =IF(B11="","",IFERROR(LEFT(B11,FIND("-",B11)-1),B11)) | L11: =IF(K11="","",IF(ISNUMBER(--MID(K11,1,1)),0,IF(ISNUMBER(--MID(K11,2,1)),1,IF(ISNUMBER(--MID(K11,3,1)),2,IF(ISNUMBER(--MID(K11,4,1)),3,MIN(LEN(K11),4)))))) | M11: =IF(B11="","",LEFT(K11,L11)&REPT("0",4-L11)&RIGHT("000"&IFERROR(VALUE(MID(K11,L11+1,9)),0),3)&RIGHT("0000"&IFERROR(VALUE(MID(B11,FIND("-",B11)+1,9)),0),4)) | N11: =IF(OR(B11="",N(F11)<=0),"",IF('FALTAS POR DECK'!$P$1="Código","K"&M11&RIGHT("00000"&ROW(),5),IF('FALTAS POR DECK'!$P$1="Nome","K"&UPPER(SUBSTITUTE(SUBSTITUTE(SUBSTITUTE(C11,"*",""),"?",""),"~",""))&"0"&M11&RIGHT("00000"&ROW(),5),IF('FALTAS POR DECK'!$P$1="Falta (maior primeiro)","K"&RIGHT("0000"&(9999-F11),4)&M11&RIGHT("00000"&ROW(),5),IF('FALTAS POR DECK'!$P$1="Deck e código","K"&RIGHT("00"&IFERROR(MATCH(A11,_LEITURA!$P$2:$P$21,0),99),2)&M11&RIGHT("00000"&ROW(),5),"K"&RIGHT("00000"&ROW(),5)))))) | O11: =IF(N11="","",COUNTIFS($N$2:$N$1201,"<"&N11,$F$2:$F$1201,">0")+1)
A12: =IF(_LEITURA!$N12="","",INDEX(_LEITURA!$K$2:$K$1201,_LEITURA!$N12)) | B12: =IF(_LEITURA!$N12="","",INDEX(_LEITURA!$E$2:$E$1201,_LEITURA!$N12)) | C12: =IF(_LEITURA!$N12="","",INDEX(_LEITURA!$J$2:$J$1201,_LEITURA!$N12)) | D12: =IF(_LEITURA!$N12="","",INDEX(_LEITURA!$G$2:$G$1201,_LEITURA!$N12)) | E12: =IF(B12="","",SUMIFS(INVENTÁRIO!$C$2:$C$801,INVENTÁRIO!$A$2:$A$801,B12)) | F12: =IF(B12="","",MAX(0,D12-E12)) | G12: =IF(B12="","",IF(COUNTIFS($B$2:$B$1201,B12,$A$2:$A$1201,"<>"&A12)>0,"Sim","")) | H12: =IF(N(F12)>0,MAX(H$1:H11)+1,"") | I12: =IF(B12="","",IF(INDEX($C$2:$C$1201,MATCH(B12,$B$2:$B$1201,0))<>C12,"Nome diferente em outro deck — revisar","")) | J12: =IF(AND(B12<>"",A12=BULK!$A$1,N(F12)>0),MAX(J$1:J11)+1,"") | K12: =IF(B12="","",IFERROR(LEFT(B12,FIND("-",B12)-1),B12)) | L12: =IF(K12="","",IF(ISNUMBER(--MID(K12,1,1)),0,IF(ISNUMBER(--MID(K12,2,1)),1,IF(ISNUMBER(--MID(K12,3,1)),2,IF(ISNUMBER(--MID(K12,4,1)),3,MIN(LEN(K12),4)))))) | M12: =IF(B12="","",LEFT(K12,L12)&REPT("0",4-L12)&RIGHT("000"&IFERROR(VALUE(MID(K12,L12+1,9)),0),3)&RIGHT("0000"&IFERROR(VALUE(MID(B12,FIND("-",B12)+1,9)),0),4)) | N12: =IF(OR(B12="",N(F12)<=0),"",IF('FALTAS POR DECK'!$P$1="Código","K"&M12&RIGHT("00000"&ROW(),5),IF('FALTAS POR DECK'!$P$1="Nome","K"&UPPER(SUBSTITUTE(SUBSTITUTE(SUBSTITUTE(C12,"*",""),"?",""),"~",""))&"0"&M12&RIGHT("00000"&ROW(),5),IF('FALTAS POR DECK'!$P$1="Falta (maior primeiro)","K"&RIGHT("0000"&(9999-F12),4)&M12&RIGHT("00000"&ROW(),5),IF('FALTAS POR DECK'!$P$1="Deck e código","K"&RIGHT("00"&IFERROR(MATCH(A12,_LEITURA!$P$2:$P$21,0),99),2)&M12&RIGHT("00000"&ROW(),5),"K"&RIGHT("00000"&ROW(),5)))))) | O12: =IF(N12="","",COUNTIFS($N$2:$N$1201,"<"&N12,$F$2:$F$1201,">0")+1)
A13: =IF(_LEITURA!$N13="","",INDEX(_LEITURA!$K$2:$K$1201,_LEITURA!$N13)) | B13: =IF(_LEITURA!$N13="","",INDEX(_LEITURA!$E$2:$E$1201,_LEITURA!$N13)) | C13: =IF(_LEITURA!$N13="","",INDEX(_LEITURA!$J$2:$J$1201,_LEITURA!$N13)) | D13: =IF(_LEITURA!$N13="","",INDEX(_LEITURA!$G$2:$G$1201,_LEITURA!$N13)) | E13: =IF(B13="","",SUMIFS(INVENTÁRIO!$C$2:$C$801,INVENTÁRIO!$A$2:$A$801,B13)) | F13: =IF(B13="","",MAX(0,D13-E13)) | G13: =IF(B13="","",IF(COUNTIFS($B$2:$B$1201,B13,$A$2:$A$1201,"<>"&A13)>0,"Sim","")) | H13: =IF(N(F13)>0,MAX(H$1:H12)+1,"") | I13: =IF(B13="","",IF(INDEX($C$2:$C$1201,MATCH(B13,$B$2:$B$1201,0))<>C13,"Nome diferente em outro deck — revisar","")) | J13: =IF(AND(B13<>"",A13=BULK!$A$1,N(F13)>0),MAX(J$1:J12)+1,"") | K13: =IF(B13="","",IFERROR(LEFT(B13,FIND("-",B13)-1),B13)) | L13: =IF(K13="","",IF(ISNUMBER(--MID(K13,1,1)),0,IF(ISNUMBER(--MID(K13,2,1)),1,IF(ISNUMBER(--MID(K13,3,1)),2,IF(ISNUMBER(--MID(K13,4,1)),3,MIN(LEN(K13),4)))))) | M13: =IF(B13="","",LEFT(K13,L13)&REPT("0",4-L13)&RIGHT("000"&IFERROR(VALUE(MID(K13,L13+1,9)),0),3)&RIGHT("0000"&IFERROR(VALUE(MID(B13,FIND("-",B13)+1,9)),0),4)) | N13: =IF(OR(B13="",N(F13)<=0),"",IF('FALTAS POR DECK'!$P$1="Código","K"&M13&RIGHT("00000"&ROW(),5),IF('FALTAS POR DECK'!$P$1="Nome","K"&UPPER(SUBSTITUTE(SUBSTITUTE(SUBSTITUTE(C13,"*",""),"?",""),"~",""))&"0"&M13&RIGHT("00000"&ROW(),5),IF('FALTAS POR DECK'!$P$1="Falta (maior primeiro)","K"&RIGHT("0000"&(9999-F13),4)&M13&RIGHT("00000"&ROW(),5),IF('FALTAS POR DECK'!$P$1="Deck e código","K"&RIGHT("00"&IFERROR(MATCH(A13,_LEITURA!$P$2:$P$21,0),99),2)&M13&RIGHT("00000"&ROW(),5),"K"&RIGHT("00000"&ROW(),5)))))) | O13: =IF(N13="","",COUNTIFS($N$2:$N$1201,"<"&N13,$F$2:$F$1201,">0")+1)
... A1201: =IF(_LEITURA!$N1201="","",INDEX(_LEITURA!$K$2:$K$1201,_LEITURA!$N1201)) | B1201: =IF(_LEITURA!$N1201="","",INDEX(_LEITURA!$E$2:$E$1201,_LEITURA!$N1201)) | C1201: =IF(_LEITURA!$N1201="","",INDEX(_LEITURA!$J$2:$J$1201,_LEITURA!$N1201)) | D1201: =IF(_LEITURA!$N1201="","",INDEX(_LEITURA!$G$2:$G$1201,_LEITURA!$N1201)) | E1201: =IF(B1201="","",SUMIFS(INVENTÁRIO!$C$2:$C$801,INVENTÁRIO!$A$2:$A$801,B1201)) | F1201: =IF(B1201="","",MAX(0,D1201-E1201)) | G1201: =IF(B1201="","",IF(COUNTIFS($B$2:$B$1201,B1201,$A$2:$A$1201,"<>"&A1201)>0,"Sim","")) | H1201: =IF(N(F1201)>0,MAX(H$1:H1200)+1,"") | I1201: =IF(B1201="","",IF(INDEX($C$2:$C$1201,MATCH(B1201,$B$2:$B$1201,0))<>C1201,"Nome diferente em outro deck — revisar","")) | J1201: =IF(AND(B1201<>"",A1201=BULK!$A$1,N(F1201)>0),MAX(J$1:J1200)+1,"") | K1201: =IF(B1201="","",IFERROR(LEFT(B1201,FIND("-",B1201)-1),B1201)) | L1201: =IF(K1201="","",IF(ISNUMBER(--MID(K1201,1,1)),0,IF(ISNUMBER(--MID(K1201,2,1)),1,IF(ISNUMBER(--MID(K1201,3,1)),2,IF(ISNUMBER(--MID(K1201,4,1)),3,MIN(LEN(K1201),4)))))) | M1201: =IF(B1201="","",LEFT(K1201,L1201)&REPT("0",4-L1201)&RIGHT("000"&IFERROR(VALUE(MID(K1201,L1201+1,9)),0),3)&RIGHT("0000"&IFERROR(VALUE(MID(B1201,FIND("-",B1201)+1,9)),0),4)) | N1201: =IF(OR(B1201="",N(F1201)<=0),"",IF('FALTAS POR DECK'!$P$1="Código","K"&M1201&RIGHT("00000"&ROW(),5),IF('FALTAS POR DECK'!$P$1="Nome","K"&UPPER(SUBSTITUTE(SUBSTITUTE(SUBSTITUTE(C1201,"*",""),"?",""),"~",""))&"0"&M1201&RIGHT("00000"&ROW(),5),IF('FALTAS POR DECK'!$P$1="Falta (maior primeiro)","K"&RIGHT("0000"&(9999-F1201),4)&M1201&RIGHT("00000"&ROW(),5),IF('FALTAS POR DECK'!$P$1="Deck e código","K"&RIGHT("00"&IFERROR(MATCH(A1201,_LEITURA!$P$2:$P$21,0),99),2)&M1201&RIGHT("00000"&ROW(),5),"K"&RIGHT("00000"&ROW(),5)))))) | O1201: =IF(N1201="","",COUNTIFS($N$2:$N$1201,"<"&N1201,$F$2:$F$1201,">0")+1)

Sheet CONSOLIDADO
A1: Código | B1: Nome | C1: Tenho | D1: Necessidade Total (um deck por vez) | E1: Falta Total | F1: Status | G1: Nº de decks | H1: Compartilhada? | I1: Soma nos decks (todos ao mesmo tempo) | J1: Falta se montar todos ao mesmo tempo | K1: =IF(INDEX(_LEITURA!$Q$2:$Q$21,1)=1,"Nec. "&INDEX(_LEITURA!$P$2:$P$21,1),"") | L1: =IF(INDEX(_LEITURA!$Q$2:$Q$21,2)=1,"Nec. "&INDEX(_LEITURA!$P$2:$P$21,2),"") | M1: =IF(INDEX(_LEITURA!$Q$2:$Q$21,3)=1,"Nec. "&INDEX(_LEITURA!$P$2:$P$21,3),"") | N1: =IF(INDEX(_LEITURA!$Q$2:$Q$21,4)=1,"Nec. "&INDEX(_LEITURA!$P$2:$P$21,4),"") | O1: =IF(INDEX(_LEITURA!$Q$2:$Q$21,5)=1,"Nec. "&INDEX(_LEITURA!$P$2:$P$21,5),"") | P1: =IF(INDEX(_LEITURA!$Q$2:$Q$21,6)=1,"Nec. "&INDEX(_LEITURA!$P$2:$P$21,6),"") | Q1: =IF(INDEX(_LEITURA!$Q$2:$Q$21,7)=1,"Nec. "&INDEX(_LEITURA!$P$2:$P$21,7),"") | R1: =IF(INDEX(_LEITURA!$Q$2:$Q$21,8)=1,"Nec. "&INDEX(_LEITURA!$P$2:$P$21,8),"") | S1: =IF(INDEX(_LEITURA!$Q$2:$Q$21,9)=1,"Nec. "&INDEX(_LEITURA!$P$2:$P$21,9),"") | T1: =IF(INDEX(_LEITURA!$Q$2:$Q$21,10)=1,"Nec. "&INDEX(_LEITURA!$P$2:$P$21,10),"") | U1: =IF(INDEX(_LEITURA!$Q$2:$Q$21,11)=1,"Nec. "&INDEX(_LEITURA!$P$2:$P$21,11),"") | V1: =IF(INDEX(_LEITURA!$Q$2:$Q$21,12)=1,"Nec. "&INDEX(_LEITURA!$P$2:$P$21,12),"") | W1: =IF(INDEX(_LEITURA!$Q$2:$Q$21,13)=1,"Nec. "&INDEX(_LEITURA!$P$2:$P$21,13),"") | X1: =IF(INDEX(_LEITURA!$Q$2:$Q$21,14)=1,"Nec. "&INDEX(_LEITURA!$P$2:$P$21,14),"") | Y1: =IF(INDEX(_LEITURA!$Q$2:$Q$21,15)=1,"Nec. "&INDEX(_LEITURA!$P$2:$P$21,15),"") | Z1: =IF(INDEX(_LEITURA!$Q$2:$Q$21,16)=1,"Nec. "&INDEX(_LEITURA!$P$2:$P$21,16),"") | AA1: =IF(INDEX(_LEITURA!$Q$2:$Q$21,17)=1,"Nec. "&INDEX(_LEITURA!$P$2:$P$21,17),"") | AB1: =IF(INDEX(_LEITURA!$Q$2:$Q$21,18)=1,"Nec. "&INDEX(_LEITURA!$P$2:$P$21,18),"") | AC1: =IF(INDEX(_LEITURA!$Q$2:$Q$21,19)=1,"Nec. "&INDEX(_LEITURA!$P$2:$P$21,19),"") | AD1: =IF(INDEX(_LEITURA!$Q$2:$Q$21,20)=1,"Nec. "&INDEX(_LEITURA!$P$2:$P$21,20),"") | AE1: Seq. falta (aux) | AF1: Antes do hífen (aux) | AG1: Nº de letras (aux) | AH1: Chave do código (aux) | AI1: Chave de ordenação (aux) | AJ1: Posição na ordenação (aux) | AK1: Posição por código (aux, BULK) | AM1: RESUMO (todos os decks juntos)
A2: =IF(INVENTÁRIO!A2="","",INVENTÁRIO!A2) | B2: =IF(A2="","",INVENTÁRIO!B2) | C2: =IF(A2="","",INVENTÁRIO!C2) | D2: =IF(A2="","",MAX(K2:AD2)) | E2: =IF(A2="","",MAX(0,D2-C2)) | F2: =IF(A2="","",IF(D2=0,"Fora dos decks",IF(E2=0,"Completo","Falta"))) | G2: =IF(A2="","",COUNTIF(K2:AD2,">0")) | H2: =IF(A2="","",IF(G2>1,"Sim","")) | I2: =IF(A2="","",SUMIFS(DECKS!$D$2:$D$1201,DECKS!$B$2:$B$1201,A2)) | J2: =IF(A2="","",MAX(0,I2-C2)) | K2: =IF(OR($A2="",INDEX(_LEITURA!$Q$2:$Q$21,1)=0),"",SUMIFS(DECKS!$D$2:$D$1201,DECKS!$A$2:$A$1201,INDEX(_LEITURA!$P$2:$P$21,1),DECKS!$B$2:$B$1201,$A2)) | L2: =IF(OR($A2="",INDEX(_LEITURA!$Q$2:$Q$21,2)=0),"",SUMIFS(DECKS!$D$2:$D$1201,DECKS!$A$2:$A$1201,INDEX(_LEITURA!$P$2:$P$21,2),DECKS!$B$2:$B$1201,$A2)) | M2: =IF(OR($A2="",INDEX(_LEITURA!$Q$2:$Q$21,3)=0),"",SUMIFS(DECKS!$D$2:$D$1201,DECKS!$A$2:$A$1201,INDEX(_LEITURA!$P$2:$P$21,3),DECKS!$B$2:$B$1201,$A2)) | N2: =IF(OR($A2="",INDEX(_LEITURA!$Q$2:$Q$21,4)=0),"",SUMIFS(DECKS!$D$2:$D$1201,DECKS!$A$2:$A$1201,INDEX(_LEITURA!$P$2:$P$21,4),DECKS!$B$2:$B$1201,$A2)) | O2: =IF(OR($A2="",INDEX(_LEITURA!$Q$2:$Q$21,5)=0),"",SUMIFS(DECKS!$D$2:$D$1201,DECKS!$A$2:$A$1201,INDEX(_LEITURA!$P$2:$P$21,5),DECKS!$B$2:$B$1201,$A2)) | P2: =IF(OR($A2="",INDEX(_LEITURA!$Q$2:$Q$21,6)=0),"",SUMIFS(DECKS!$D$2:$D$1201,DECKS!$A$2:$A$1201,INDEX(_LEITURA!$P$2:$P$21,6),DECKS!$B$2:$B$1201,$A2)) | Q2: =IF(OR($A2="",INDEX(_LEITURA!$Q$2:$Q$21,7)=0),"",SUMIFS(DECKS!$D$2:$D$1201,DECKS!$A$2:$A$1201,INDEX(_LEITURA!$P$2:$P$21,7),DECKS!$B$2:$B$1201,$A2)) | R2: =IF(OR($A2="",INDEX(_LEITURA!$Q$2:$Q$21,8)=0),"",SUMIFS(DECKS!$D$2:$D$1201,DECKS!$A$2:$A$1201,INDEX(_LEITURA!$P$2:$P$21,8),DECKS!$B$2:$B$1201,$A2)) | S2: =IF(OR($A2="",INDEX(_LEITURA!$Q$2:$Q$21,9)=0),"",SUMIFS(DECKS!$D$2:$D$1201,DECKS!$A$2:$A$1201,INDEX(_LEITURA!$P$2:$P$21,9),DECKS!$B$2:$B$1201,$A2)) | T2: =IF(OR($A2="",INDEX(_LEITURA!$Q$2:$Q$21,10)=0),"",SUMIFS(DECKS!$D$2:$D$1201,DECKS!$A$2:$A$1201,INDEX(_LEITURA!$P$2:$P$21,10),DECKS!$B$2:$B$1201,$A2)) | U2: =IF(OR($A2="",INDEX(_LEITURA!$Q$2:$Q$21,11)=0),"",SUMIFS(DECKS!$D$2:$D$1201,DECKS!$A$2:$A$1201,INDEX(_LEITURA!$P$2:$P$21,11),DECKS!$B$2:$B$1201,$A2)) | V2: =IF(OR($A2="",INDEX(_LEITURA!$Q$2:$Q$21,12)=0),"",SUMIFS(DECKS!$D$2:$D$1201,DECKS!$A$2:$A$1201,INDEX(_LEITURA!$P$2:$P$21,12),DECKS!$B$2:$B$1201,$A2)) | W2: =IF(OR($A2="",INDEX(_LEITURA!$Q$2:$Q$21,13)=0),"",SUMIFS(DECKS!$D$2:$D$1201,DECKS!$A$2:$A$1201,INDEX(_LEITURA!$P$2:$P$21,13),DECKS!$B$2:$B$1201,$A2)) | X2: =IF(OR($A2="",INDEX(_LEITURA!$Q$2:$Q$21,14)=0),"",SUMIFS(DECKS!$D$2:$D$1201,DECKS!$A$2:$A$1201,INDEX(_LEITURA!$P$2:$P$21,14),DECKS!$B$2:$B$1201,$A2)) | Y2: =IF(OR($A2="",INDEX(_LEITURA!$Q$2:$Q$21,15)=0),"",SUMIFS(DECKS!$D$2:$D$1201,DECKS!$A$2:$A$1201,INDEX(_LEITURA!$P$2:$P$21,15),DECKS!$B$2:$B$1201,$A2)) | Z2: =IF(OR($A2="",INDEX(_LEITURA!$Q$2:$Q$21,16)=0),"",SUMIFS(DECKS!$D$2:$D$1201,DECKS!$A$2:$A$1201,INDEX(_LEITURA!$P$2:$P$21,16),DECKS!$B$2:$B$1201,$A2)) | AA2: =IF(OR($A2="",INDEX(_LEITURA!$Q$2:$Q$21,17)=0),"",SUMIFS(DECKS!$D$2:$D$1201,DECKS!$A$2:$A$1201,INDEX(_LEITURA!$P$2:$P$21,17),DECKS!$B$2:$B$1201,$A2)) | AB2: =IF(OR($A2="",INDEX(_LEITURA!$Q$2:$Q$21,18)=0),"",SUMIFS(DECKS!$D$2:$D$1201,DECKS!$A$2:$A$1201,INDEX(_LEITURA!$P$2:$P$21,18),DECKS!$B$2:$B$1201,$A2)) | AC2: =IF(OR($A2="",INDEX(_LEITURA!$Q$2:$Q$21,19)=0),"",SUMIFS(DECKS!$D$2:$D$1201,DECKS!$A$2:$A$1201,INDEX(_LEITURA!$P$2:$P$21,19),DECKS!$B$2:$B$1201,$A2)) | AD2: =IF(OR($A2="",INDEX(_LEITURA!$Q$2:$Q$21,20)=0),"",SUMIFS(DECKS!$D$2:$D$1201,DECKS!$A$2:$A$1201,INDEX(_LEITURA!$P$2:$P$21,20),DECKS!$B$2:$B$1201,$A2)) | AE2: =IF(N(E2)>0,MAX(AE$1:AE1)+1,"") | AF2: =IF(A2="","",IFERROR(LEFT(A2,FIND("-",A2)-1),A2)) | AG2: =IF(AF2="","",IF(ISNUMBER(--MID(AF2,1,1)),0,IF(ISNUMBER(--MID(AF2,2,1)),1,IF(ISNUMBER(--MID(AF2,3,1)),2,IF(ISNUMBER(--MID(AF2,4,1)),3,MIN(LEN(AF2),4)))))) | AH2: =IF(A2="","",LEFT(AF2,AG2)&REPT("0",4-AG2)&RIGHT("000"&IFERROR(VALUE(MID(AF2,AG2+1,9)),0),3)&RIGHT("0000"&IFERROR(VALUE(MID(A2,FIND("-",A2)+1,9)),0),4)) | AI2: =IF(OR(A2="",N(E2)<=0),"",IF('FALTAS GERAL'!$M$1="Código","K"&AH2&RIGHT("00000"&ROW(),5),IF('FALTAS GERAL'!$M$1="Nome","K"&UPPER(SUBSTITUTE(SUBSTITUTE(SUBSTITUTE(B2,"*",""),"?",""),"~",""))&"0"&AH2&RIGHT("00000"&ROW(),5),IF('FALTAS GERAL'!$M$1="Falta (maior primeiro)","K"&RIGHT("0000"&(9999-E2),4)&AH2&RIGHT("00000"&ROW(),5),IF('FALTAS GERAL'!$M$1="Nº de decks (maior primeiro)","K"&RIGHT("00"&(99-N(G2)),2)&AH2&RIGHT("00000"&ROW(),5),"K"&RIGHT("00000"&ROW(),5)))))) | AJ2: =IF(AI2="","",COUNTIFS($AI$2:$AI$801,"<"&AI2,$E$2:$E$801,">0")+1) | AK2: =IF(OR(A2="",N(E2)<=0),"",COUNTIFS($AH$2:$AH$801,"<"&AH2,$E$2:$E$801,">0")+COUNTIFS($AH$2:AH2,AH2,$E$2:E2,">0")) | AM2: Cartas únicas | AN2: =COUNTIF(A2:A801,"?*") -> 0
A3: =IF(INVENTÁRIO!A3="","",INVENTÁRIO!A3) | B3: =IF(A3="","",INVENTÁRIO!B3) | C3: =IF(A3="","",INVENTÁRIO!C3) | D3: =IF(A3="","",MAX(K3:AD3)) | E3: =IF(A3="","",MAX(0,D3-C3)) | F3: =IF(A3="","",IF(D3=0,"Fora dos decks",IF(E3=0,"Completo","Falta"))) | G3: =IF(A3="","",COUNTIF(K3:AD3,">0")) | H3: =IF(A3="","",IF(G3>1,"Sim","")) | I3: =IF(A3="","",SUMIFS(DECKS!$D$2:$D$1201,DECKS!$B$2:$B$1201,A3)) | J3: =IF(A3="","",MAX(0,I3-C3)) | K3: =IF(OR($A3="",INDEX(_LEITURA!$Q$2:$Q$21,1)=0),"",SUMIFS(DECKS!$D$2:$D$1201,DECKS!$A$2:$A$1201,INDEX(_LEITURA!$P$2:$P$21,1),DECKS!$B$2:$B$1201,$A3)) | L3: =IF(OR($A3="",INDEX(_LEITURA!$Q$2:$Q$21,2)=0),"",SUMIFS(DECKS!$D$2:$D$1201,DECKS!$A$2:$A$1201,INDEX(_LEITURA!$P$2:$P$21,2),DECKS!$B$2:$B$1201,$A3)) | M3: =IF(OR($A3="",INDEX(_LEITURA!$Q$2:$Q$21,3)=0),"",SUMIFS(DECKS!$D$2:$D$1201,DECKS!$A$2:$A$1201,INDEX(_LEITURA!$P$2:$P$21,3),DECKS!$B$2:$B$1201,$A3)) | N3: =IF(OR($A3="",INDEX(_LEITURA!$Q$2:$Q$21,4)=0),"",SUMIFS(DECKS!$D$2:$D$1201,DECKS!$A$2:$A$1201,INDEX(_LEITURA!$P$2:$P$21,4),DECKS!$B$2:$B$1201,$A3)) | O3: =IF(OR($A3="",INDEX(_LEITURA!$Q$2:$Q$21,5)=0),"",SUMIFS(DECKS!$D$2:$D$1201,DECKS!$A$2:$A$1201,INDEX(_LEITURA!$P$2:$P$21,5),DECKS!$B$2:$B$1201,$A3)) | P3: =IF(OR($A3="",INDEX(_LEITURA!$Q$2:$Q$21,6)=0),"",SUMIFS(DECKS!$D$2:$D$1201,DECKS!$A$2:$A$1201,INDEX(_LEITURA!$P$2:$P$21,6),DECKS!$B$2:$B$1201,$A3)) | Q3: =IF(OR($A3="",INDEX(_LEITURA!$Q$2:$Q$21,7)=0),"",SUMIFS(DECKS!$D$2:$D$1201,DECKS!$A$2:$A$1201,INDEX(_LEITURA!$P$2:$P$21,7),DECKS!$B$2:$B$1201,$A3)) | R3: =IF(OR($A3="",INDEX(_LEITURA!$Q$2:$Q$21,8)=0),"",SUMIFS(DECKS!$D$2:$D$1201,DECKS!$A$2:$A$1201,INDEX(_LEITURA!$P$2:$P$21,8),DECKS!$B$2:$B$1201,$A3)) | S3: =IF(OR($A3="",INDEX(_LEITURA!$Q$2:$Q$21,9)=0),"",SUMIFS(DECKS!$D$2:$D$1201,DECKS!$A$2:$A$1201,INDEX(_LEITURA!$P$2:$P$21,9),DECKS!$B$2:$B$1201,$A3)) | T3: =IF(OR($A3="",INDEX(_LEITURA!$Q$2:$Q$21,10)=0),"",SUMIFS(DECKS!$D$2:$D$1201,DECKS!$A$2:$A$1201,INDEX(_LEITURA!$P$2:$P$21,10),DECKS!$B$2:$B$1201,$A3)) | U3: =IF(OR($A3="",INDEX(_LEITURA!$Q$2:$Q$21,11)=0),"",SUMIFS(DECKS!$D$2:$D$1201,DECKS!$A$2:$A$1201,INDEX(_LEITURA!$P$2:$P$21,11),DECKS!$B$2:$B$1201,$A3)) | V3: =IF(OR($A3="",INDEX(_LEITURA!$Q$2:$Q$21,12)=0),"",SUMIFS(DECKS!$D$2:$D$1201,DECKS!$A$2:$A$1201,INDEX(_LEITURA!$P$2:$P$21,12),DECKS!$B$2:$B$1201,$A3)) | W3: =IF(OR($A3="",INDEX(_LEITURA!$Q$2:$Q$21,13)=0),"",SUMIFS(DECKS!$D$2:$D$1201,DECKS!$A$2:$A$1201,INDEX(_LEITURA!$P$2:$P$21,13),DECKS!$B$2:$B$1201,$A3)) | X3: =IF(OR($A3="",INDEX(_LEITURA!$Q$2:$Q$21,14)=0),"",SUMIFS(DECKS!$D$2:$D$1201,DECKS!$A$2:$A$1201,INDEX(_LEITURA!$P$2:$P$21,14),DECKS!$B$2:$B$1201,$A3)) | Y3: =IF(OR($A3="",INDEX(_LEITURA!$Q$2:$Q$21,15)=0),"",SUMIFS(DECKS!$D$2:$D$1201,DECKS!$A$2:$A$1201,INDEX(_LEITURA!$P$2:$P$21,15),DECKS!$B$2:$B$1201,$A3)) | Z3: =IF(OR($A3="",INDEX(_LEITURA!$Q$2:$Q$21,16)=0),"",SUMIFS(DECKS!$D$2:$D$1201,DECKS!$A$2:$A$1201,INDEX(_LEITURA!$P$2:$P$21,16),DECKS!$B$2:$B$1201,$A3)) | AA3: =IF(OR($A3="",INDEX(_LEITURA!$Q$2:$Q$21,17)=0),"",SUMIFS(DECKS!$D$2:$D$1201,DECKS!$A$2:$A$1201,INDEX(_LEITURA!$P$2:$P$21,17),DECKS!$B$2:$B$1201,$A3)) | AB3: =IF(OR($A3="",INDEX(_LEITURA!$Q$2:$Q$21,18)=0),"",SUMIFS(DECKS!$D$2:$D$1201,DECKS!$A$2:$A$1201,INDEX(_LEITURA!$P$2:$P$21,18),DECKS!$B$2:$B$1201,$A3)) | AC3: =IF(OR($A3="",INDEX(_LEITURA!$Q$2:$Q$21,19)=0),"",SUMIFS(DECKS!$D$2:$D$1201,DECKS!$A$2:$A$1201,INDEX(_LEITURA!$P$2:$P$21,19),DECKS!$B$2:$B$1201,$A3)) | AD3: =IF(OR($A3="",INDEX(_LEITURA!$Q$2:$Q$21,20)=0),"",SUMIFS(DECKS!$D$2:$D$1201,DECKS!$A$2:$A$1201,INDEX(_LEITURA!$P$2:$P$21,20),DECKS!$B$2:$B$1201,$A3)) | AE3: =IF(N(E3)>0,MAX(AE$1:AE2)+1,"") | AF3: =IF(A3="","",IFERROR(LEFT(A3,FIND("-",A3)-1),A3)) | AG3: =IF(AF3="","",IF(ISNUMBER(--MID(AF3,1,1)),0,IF(ISNUMBER(--MID(AF3,2,1)),1,IF(ISNUMBER(--MID(AF3,3,1)),2,IF(ISNUMBER(--MID(AF3,4,1)),3,MIN(LEN(AF3),4)))))) | AH3: =IF(A3="","",LEFT(AF3,AG3)&REPT("0",4-AG3)&RIGHT("000"&IFERROR(VALUE(MID(AF3,AG3+1,9)),0),3)&RIGHT("0000"&IFERROR(VALUE(MID(A3,FIND("-",A3)+1,9)),0),4)) | AI3: =IF(OR(A3="",N(E3)<=0),"",IF('FALTAS GERAL'!$M$1="Código","K"&AH3&RIGHT("00000"&ROW(),5),IF('FALTAS GERAL'!$M$1="Nome","K"&UPPER(SUBSTITUTE(SUBSTITUTE(SUBSTITUTE(B3,"*",""),"?",""),"~",""))&"0"&AH3&RIGHT("00000"&ROW(),5),IF('FALTAS GERAL'!$M$1="Falta (maior primeiro)","K"&RIGHT("0000"&(9999-E3),4)&AH3&RIGHT("00000"&ROW(),5),IF('FALTAS GERAL'!$M$1="Nº de decks (maior primeiro)","K"&RIGHT("00"&(99-N(G3)),2)&AH3&RIGHT("00000"&ROW(),5),"K"&RIGHT("00000"&ROW(),5)))))) | AJ3: =IF(AI3="","",COUNTIFS($AI$2:$AI$801,"<"&AI3,$E$2:$E$801,">0")+1) | AK3: =IF(OR(A3="",N(E3)<=0),"",COUNTIFS($AH$2:$AH$801,"<"&AH3,$E$2:$E$801,">0")+COUNTIFS($AH$2:AH3,AH3,$E$2:E3,">0")) | AM3: Cartas únicas que faltam | AN3: =COUNTIF(F2:F801,"Falta") -> 0
A4: =IF(INVENTÁRIO!A4="","",INVENTÁRIO!A4) | B4: =IF(A4="","",INVENTÁRIO!B4) | C4: =IF(A4="","",INVENTÁRIO!C4) | D4: =IF(A4="","",MAX(K4:AD4)) | E4: =IF(A4="","",MAX(0,D4-C4)) | F4: =IF(A4="","",IF(D4=0,"Fora dos decks",IF(E4=0,"Completo","Falta"))) | G4: =IF(A4="","",COUNTIF(K4:AD4,">0")) | H4: =IF(A4="","",IF(G4>1,"Sim","")) | I4: =IF(A4="","",SUMIFS(DECKS!$D$2:$D$1201,DECKS!$B$2:$B$1201,A4)) | J4: =IF(A4="","",MAX(0,I4-C4)) | K4: =IF(OR($A4="",INDEX(_LEITURA!$Q$2:$Q$21,1)=0),"",SUMIFS(DECKS!$D$2:$D$1201,DECKS!$A$2:$A$1201,INDEX(_LEITURA!$P$2:$P$21,1),DECKS!$B$2:$B$1201,$A4)) | L4: =IF(OR($A4="",INDEX(_LEITURA!$Q$2:$Q$21,2)=0),"",SUMIFS(DECKS!$D$2:$D$1201,DECKS!$A$2:$A$1201,INDEX(_LEITURA!$P$2:$P$21,2),DECKS!$B$2:$B$1201,$A4)) | M4: =IF(OR($A4="",INDEX(_LEITURA!$Q$2:$Q$21,3)=0),"",SUMIFS(DECKS!$D$2:$D$1201,DECKS!$A$2:$A$1201,INDEX(_LEITURA!$P$2:$P$21,3),DECKS!$B$2:$B$1201,$A4)) | N4: =IF(OR($A4="",INDEX(_LEITURA!$Q$2:$Q$21,4)=0),"",SUMIFS(DECKS!$D$2:$D$1201,DECKS!$A$2:$A$1201,INDEX(_LEITURA!$P$2:$P$21,4),DECKS!$B$2:$B$1201,$A4)) | O4: =IF(OR($A4="",INDEX(_LEITURA!$Q$2:$Q$21,5)=0),"",SUMIFS(DECKS!$D$2:$D$1201,DECKS!$A$2:$A$1201,INDEX(_LEITURA!$P$2:$P$21,5),DECKS!$B$2:$B$1201,$A4)) | P4: =IF(OR($A4="",INDEX(_LEITURA!$Q$2:$Q$21,6)=0),"",SUMIFS(DECKS!$D$2:$D$1201,DECKS!$A$2:$A$1201,INDEX(_LEITURA!$P$2:$P$21,6),DECKS!$B$2:$B$1201,$A4)) | Q4: =IF(OR($A4="",INDEX(_LEITURA!$Q$2:$Q$21,7)=0),"",SUMIFS(DECKS!$D$2:$D$1201,DECKS!$A$2:$A$1201,INDEX(_LEITURA!$P$2:$P$21,7),DECKS!$B$2:$B$1201,$A4)) | R4: =IF(OR($A4="",INDEX(_LEITURA!$Q$2:$Q$21,8)=0),"",SUMIFS(DECKS!$D$2:$D$1201,DECKS!$A$2:$A$1201,INDEX(_LEITURA!$P$2:$P$21,8),DECKS!$B$2:$B$1201,$A4)) | S4: =IF(OR($A4="",INDEX(_LEITURA!$Q$2:$Q$21,9)=0),"",SUMIFS(DECKS!$D$2:$D$1201,DECKS!$A$2:$A$1201,INDEX(_LEITURA!$P$2:$P$21,9),DECKS!$B$2:$B$1201,$A4)) | T4: =IF(OR($A4="",INDEX(_LEITURA!$Q$2:$Q$21,10)=0),"",SUMIFS(DECKS!$D$2:$D$1201,DECKS!$A$2:$A$1201,INDEX(_LEITURA!$P$2:$P$21,10),DECKS!$B$2:$B$1201,$A4)) | U4: =IF(OR($A4="",INDEX(_LEITURA!$Q$2:$Q$21,11)=0),"",SUMIFS(DECKS!$D$2:$D$1201,DECKS!$A$2:$A$1201,INDEX(_LEITURA!$P$2:$P$21,11),DECKS!$B$2:$B$1201,$A4)) | V4: =IF(OR($A4="",INDEX(_LEITURA!$Q$2:$Q$21,12)=0),"",SUMIFS(DECKS!$D$2:$D$1201,DECKS!$A$2:$A$1201,INDEX(_LEITURA!$P$2:$P$21,12),DECKS!$B$2:$B$1201,$A4)) | W4: =IF(OR($A4="",INDEX(_LEITURA!$Q$2:$Q$21,13)=0),"",SUMIFS(DECKS!$D$2:$D$1201,DECKS!$A$2:$A$1201,INDEX(_LEITURA!$P$2:$P$21,13),DECKS!$B$2:$B$1201,$A4)) | X4: =IF(OR($A4="",INDEX(_LEITURA!$Q$2:$Q$21,14)=0),"",SUMIFS(DECKS!$D$2:$D$1201,DECKS!$A$2:$A$1201,INDEX(_LEITURA!$P$2:$P$21,14),DECKS!$B$2:$B$1201,$A4)) | Y4: =IF(OR($A4="",INDEX(_LEITURA!$Q$2:$Q$21,15)=0),"",SUMIFS(DECKS!$D$2:$D$1201,DECKS!$A$2:$A$1201,INDEX(_LEITURA!$P$2:$P$21,15),DECKS!$B$2:$B$1201,$A4)) | Z4: =IF(OR($A4="",INDEX(_LEITURA!$Q$2:$Q$21,16)=0),"",SUMIFS(DECKS!$D$2:$D$1201,DECKS!$A$2:$A$1201,INDEX(_LEITURA!$P$2:$P$21,16),DECKS!$B$2:$B$1201,$A4)) | AA4: =IF(OR($A4="",INDEX(_LEITURA!$Q$2:$Q$21,17)=0),"",SUMIFS(DECKS!$D$2:$D$1201,DECKS!$A$2:$A$1201,INDEX(_LEITURA!$P$2:$P$21,17),DECKS!$B$2:$B$1201,$A4)) | AB4: =IF(OR($A4="",INDEX(_LEITURA!$Q$2:$Q$21,18)=0),"",SUMIFS(DECKS!$D$2:$D$1201,DECKS!$A$2:$A$1201,INDEX(_LEITURA!$P$2:$P$21,18),DECKS!$B$2:$B$1201,$A4)) | AC4: =IF(OR($A4="",INDEX(_LEITURA!$Q$2:$Q$21,19)=0),"",SUMIFS(DECKS!$D$2:$D$1201,DECKS!$A$2:$A$1201,INDEX(_LEITURA!$P$2:$P$21,19),DECKS!$B$2:$B$1201,$A4)) | AD4: =IF(OR($A4="",INDEX(_LEITURA!$Q$2:$Q$21,20)=0),"",SUMIFS(DECKS!$D$2:$D$1201,DECKS!$A$2:$A$1201,INDEX(_LEITURA!$P$2:$P$21,20),DECKS!$B$2:$B$1201,$A4)) | AE4: =IF(N(E4)>0,MAX(AE$1:AE3)+1,"") | AF4: =IF(A4="","",IFERROR(LEFT(A4,FIND("-",A4)-1),A4)) | AG4: =IF(AF4="","",IF(ISNUMBER(--MID(AF4,1,1)),0,IF(ISNUMBER(--MID(AF4,2,1)),1,IF(ISNUMBER(--MID(AF4,3,1)),2,IF(ISNUMBER(--MID(AF4,4,1)),3,MIN(LEN(AF4),4)))))) | AH4: =IF(A4="","",LEFT(AF4,AG4)&REPT("0",4-AG4)&RIGHT("000"&IFERROR(VALUE(MID(AF4,AG4+1,9)),0),3)&RIGHT("0000"&IFERROR(VALUE(MID(A4,FIND("-",A4)+1,9)),0),4)) | AI4: =IF(OR(A4="",N(E4)<=0),"",IF('FALTAS GERAL'!$M$1="Código","K"&AH4&RIGHT("00000"&ROW(),5),IF('FALTAS GERAL'!$M$1="Nome","K"&UPPER(SUBSTITUTE(SUBSTITUTE(SUBSTITUTE(B4,"*",""),"?",""),"~",""))&"0"&AH4&RIGHT("00000"&ROW(),5),IF('FALTAS GERAL'!$M$1="Falta (maior primeiro)","K"&RIGHT("0000"&(9999-E4),4)&AH4&RIGHT("00000"&ROW(),5),IF('FALTAS GERAL'!$M$1="Nº de decks (maior primeiro)","K"&RIGHT("00"&(99-N(G4)),2)&AH4&RIGHT("00000"&ROW(),5),"K"&RIGHT("00000"&ROW(),5)))))) | AJ4: =IF(AI4="","",COUNTIFS($AI$2:$AI$801,"<"&AI4,$E$2:$E$801,">0")+1) | AK4: =IF(OR(A4="",N(E4)<=0),"",COUNTIFS($AH$2:$AH$801,"<"&AH4,$E$2:$E$801,">0")+COUNTIFS($AH$2:AH4,AH4,$E$2:E4,">0")) | AM4: Cópias que faltam (um deck por vez) | AN4: =SUM(E2:E801) -> 0
A5: =IF(INVENTÁRIO!A5="","",INVENTÁRIO!A5) | B5: =IF(A5="","",INVENTÁRIO!B5) | C5: =IF(A5="","",INVENTÁRIO!C5) | D5: =IF(A5="","",MAX(K5:AD5)) | E5: =IF(A5="","",MAX(0,D5-C5)) | F5: =IF(A5="","",IF(D5=0,"Fora dos decks",IF(E5=0,"Completo","Falta"))) | G5: =IF(A5="","",COUNTIF(K5:AD5,">0")) | H5: =IF(A5="","",IF(G5>1,"Sim","")) | I5: =IF(A5="","",SUMIFS(DECKS!$D$2:$D$1201,DECKS!$B$2:$B$1201,A5)) | J5: =IF(A5="","",MAX(0,I5-C5)) | K5: =IF(OR($A5="",INDEX(_LEITURA!$Q$2:$Q$21,1)=0),"",SUMIFS(DECKS!$D$2:$D$1201,DECKS!$A$2:$A$1201,INDEX(_LEITURA!$P$2:$P$21,1),DECKS!$B$2:$B$1201,$A5)) | L5: =IF(OR($A5="",INDEX(_LEITURA!$Q$2:$Q$21,2)=0),"",SUMIFS(DECKS!$D$2:$D$1201,DECKS!$A$2:$A$1201,INDEX(_LEITURA!$P$2:$P$21,2),DECKS!$B$2:$B$1201,$A5)) | M5: =IF(OR($A5="",INDEX(_LEITURA!$Q$2:$Q$21,3)=0),"",SUMIFS(DECKS!$D$2:$D$1201,DECKS!$A$2:$A$1201,INDEX(_LEITURA!$P$2:$P$21,3),DECKS!$B$2:$B$1201,$A5)) | N5: =IF(OR($A5="",INDEX(_LEITURA!$Q$2:$Q$21,4)=0),"",SUMIFS(DECKS!$D$2:$D$1201,DECKS!$A$2:$A$1201,INDEX(_LEITURA!$P$2:$P$21,4),DECKS!$B$2:$B$1201,$A5)) | O5: =IF(OR($A5="",INDEX(_LEITURA!$Q$2:$Q$21,5)=0),"",SUMIFS(DECKS!$D$2:$D$1201,DECKS!$A$2:$A$1201,INDEX(_LEITURA!$P$2:$P$21,5),DECKS!$B$2:$B$1201,$A5)) | P5: =IF(OR($A5="",INDEX(_LEITURA!$Q$2:$Q$21,6)=0),"",SUMIFS(DECKS!$D$2:$D$1201,DECKS!$A$2:$A$1201,INDEX(_LEITURA!$P$2:$P$21,6),DECKS!$B$2:$B$1201,$A5)) | Q5: =IF(OR($A5="",INDEX(_LEITURA!$Q$2:$Q$21,7)=0),"",SUMIFS(DECKS!$D$2:$D$1201,DECKS!$A$2:$A$1201,INDEX(_LEITURA!$P$2:$P$21,7),DECKS!$B$2:$B$1201,$A5)) | R5: =IF(OR($A5="",INDEX(_LEITURA!$Q$2:$Q$21,8)=0),"",SUMIFS(DECKS!$D$2:$D$1201,DECKS!$A$2:$A$1201,INDEX(_LEITURA!$P$2:$P$21,8),DECKS!$B$2:$B$1201,$A5)) | S5: =IF(OR($A5="",INDEX(_LEITURA!$Q$2:$Q$21,9)=0),"",SUMIFS(DECKS!$D$2:$D$1201,DECKS!$A$2:$A$1201,INDEX(_LEITURA!$P$2:$P$21,9),DECKS!$B$2:$B$1201,$A5)) | T5: =IF(OR($A5="",INDEX(_LEITURA!$Q$2:$Q$21,10)=0),"",SUMIFS(DECKS!$D$2:$D$1201,DECKS!$A$2:$A$1201,INDEX(_LEITURA!$P$2:$P$21,10),DECKS!$B$2:$B$1201,$A5)) | U5: =IF(OR($A5="",INDEX(_LEITURA!$Q$2:$Q$21,11)=0),"",SUMIFS(DECKS!$D$2:$D$1201,DECKS!$A$2:$A$1201,INDEX(_LEITURA!$P$2:$P$21,11),DECKS!$B$2:$B$1201,$A5)) | V5: =IF(OR($A5="",INDEX(_LEITURA!$Q$2:$Q$21,12)=0),"",SUMIFS(DECKS!$D$2:$D$1201,DECKS!$A$2:$A$1201,INDEX(_LEITURA!$P$2:$P$21,12),DECKS!$B$2:$B$1201,$A5)) | W5: =IF(OR($A5="",INDEX(_LEITURA!$Q$2:$Q$21,13)=0),"",SUMIFS(DECKS!$D$2:$D$1201,DECKS!$A$2:$A$1201,INDEX(_LEITURA!$P$2:$P$21,13),DECKS!$B$2:$B$1201,$A5)) | X5: =IF(OR($A5="",INDEX(_LEITURA!$Q$2:$Q$21,14)=0),"",SUMIFS(DECKS!$D$2:$D$1201,DECKS!$A$2:$A$1201,INDEX(_LEITURA!$P$2:$P$21,14),DECKS!$B$2:$B$1201,$A5)) | Y5: =IF(OR($A5="",INDEX(_LEITURA!$Q$2:$Q$21,15)=0),"",SUMIFS(DECKS!$D$2:$D$1201,DECKS!$A$2:$A$1201,INDEX(_LEITURA!$P$2:$P$21,15),DECKS!$B$2:$B$1201,$A5)) | Z5: =IF(OR($A5="",INDEX(_LEITURA!$Q$2:$Q$21,16)=0),"",SUMIFS(DECKS!$D$2:$D$1201,DECKS!$A$2:$A$1201,INDEX(_LEITURA!$P$2:$P$21,16),DECKS!$B$2:$B$1201,$A5)) | AA5: =IF(OR($A5="",INDEX(_LEITURA!$Q$2:$Q$21,17)=0),"",SUMIFS(DECKS!$D$2:$D$1201,DECKS!$A$2:$A$1201,INDEX(_LEITURA!$P$2:$P$21,17),DECKS!$B$2:$B$1201,$A5)) | AB5: =IF(OR($A5="",INDEX(_LEITURA!$Q$2:$Q$21,18)=0),"",SUMIFS(DECKS!$D$2:$D$1201,DECKS!$A$2:$A$1201,INDEX(_LEITURA!$P$2:$P$21,18),DECKS!$B$2:$B$1201,$A5)) | AC5: =IF(OR($A5="",INDEX(_LEITURA!$Q$2:$Q$21,19)=0),"",SUMIFS(DECKS!$D$2:$D$1201,DECKS!$A$2:$A$1201,INDEX(_LEITURA!$P$2:$P$21,19),DECKS!$B$2:$B$1201,$A5)) | AD5: =IF(OR($A5="",INDEX(_LEITURA!$Q$2:$Q$21,20)=0),"",SUMIFS(DECKS!$D$2:$D$1201,DECKS!$A$2:$A$1201,INDEX(_LEITURA!$P$2:$P$21,20),DECKS!$B$2:$B$1201,$A5)) | AE5: =IF(N(E5)>0,MAX(AE$1:AE4)+1,"") | AF5: =IF(A5="","",IFERROR(LEFT(A5,FIND("-",A5)-1),A5)) | AG5: =IF(AF5="","",IF(ISNUMBER(--MID(AF5,1,1)),0,IF(ISNUMBER(--MID(AF5,2,1)),1,IF(ISNUMBER(--MID(AF5,3,1)),2,IF(ISNUMBER(--MID(AF5,4,1)),3,MIN(LEN(AF5),4)))))) | AH5: =IF(A5="","",LEFT(AF5,AG5)&REPT("0",4-AG5)&RIGHT("000"&IFERROR(VALUE(MID(AF5,AG5+1,9)),0),3)&RIGHT("0000"&IFERROR(VALUE(MID(A5,FIND("-",A5)+1,9)),0),4)) | AI5: =IF(OR(A5="",N(E5)<=0),"",IF('FALTAS GERAL'!$M$1="Código","K"&AH5&RIGHT("00000"&ROW(),5),IF('FALTAS GERAL'!$M$1="Nome","K"&UPPER(SUBSTITUTE(SUBSTITUTE(SUBSTITUTE(B5,"*",""),"?",""),"~",""))&"0"&AH5&RIGHT("00000"&ROW(),5),IF('FALTAS GERAL'!$M$1="Falta (maior primeiro)","K"&RIGHT("0000"&(9999-E5),4)&AH5&RIGHT("00000"&ROW(),5),IF('FALTAS GERAL'!$M$1="Nº de decks (maior primeiro)","K"&RIGHT("00"&(99-N(G5)),2)&AH5&RIGHT("00000"&ROW(),5),"K"&RIGHT("00000"&ROW(),5)))))) | AJ5: =IF(AI5="","",COUNTIFS($AI$2:$AI$801,"<"&AI5,$E$2:$E$801,">0")+1) | AK5: =IF(OR(A5="",N(E5)<=0),"",COUNTIFS($AH$2:$AH$801,"<"&AH5,$E$2:$E$801,">0")+COUNTIFS($AH$2:AH5,AH5,$E$2:E5,">0")) | AM5: Cópias que faltam (todos ao mesmo tempo) | AN5: =SUM(J2:J801) -> 0
A6: =IF(INVENTÁRIO!A6="","",INVENTÁRIO!A6) | B6: =IF(A6="","",INVENTÁRIO!B6) | C6: =IF(A6="","",INVENTÁRIO!C6) | D6: =IF(A6="","",MAX(K6:AD6)) | E6: =IF(A6="","",MAX(0,D6-C6)) | F6: =IF(A6="","",IF(D6=0,"Fora dos decks",IF(E6=0,"Completo","Falta"))) | G6: =IF(A6="","",COUNTIF(K6:AD6,">0")) | H6: =IF(A6="","",IF(G6>1,"Sim","")) | I6: =IF(A6="","",SUMIFS(DECKS!$D$2:$D$1201,DECKS!$B$2:$B$1201,A6)) | J6: =IF(A6="","",MAX(0,I6-C6)) | K6: =IF(OR($A6="",INDEX(_LEITURA!$Q$2:$Q$21,1)=0),"",SUMIFS(DECKS!$D$2:$D$1201,DECKS!$A$2:$A$1201,INDEX(_LEITURA!$P$2:$P$21,1),DECKS!$B$2:$B$1201,$A6)) | L6: =IF(OR($A6="",INDEX(_LEITURA!$Q$2:$Q$21,2)=0),"",SUMIFS(DECKS!$D$2:$D$1201,DECKS!$A$2:$A$1201,INDEX(_LEITURA!$P$2:$P$21,2),DECKS!$B$2:$B$1201,$A6)) | M6: =IF(OR($A6="",INDEX(_LEITURA!$Q$2:$Q$21,3)=0),"",SUMIFS(DECKS!$D$2:$D$1201,DECKS!$A$2:$A$1201,INDEX(_LEITURA!$P$2:$P$21,3),DECKS!$B$2:$B$1201,$A6)) | N6: =IF(OR($A6="",INDEX(_LEITURA!$Q$2:$Q$21,4)=0),"",SUMIFS(DECKS!$D$2:$D$1201,DECKS!$A$2:$A$1201,INDEX(_LEITURA!$P$2:$P$21,4),DECKS!$B$2:$B$1201,$A6)) | O6: =IF(OR($A6="",INDEX(_LEITURA!$Q$2:$Q$21,5)=0),"",SUMIFS(DECKS!$D$2:$D$1201,DECKS!$A$2:$A$1201,INDEX(_LEITURA!$P$2:$P$21,5),DECKS!$B$2:$B$1201,$A6)) | P6: =IF(OR($A6="",INDEX(_LEITURA!$Q$2:$Q$21,6)=0),"",SUMIFS(DECKS!$D$2:$D$1201,DECKS!$A$2:$A$1201,INDEX(_LEITURA!$P$2:$P$21,6),DECKS!$B$2:$B$1201,$A6)) | Q6: =IF(OR($A6="",INDEX(_LEITURA!$Q$2:$Q$21,7)=0),"",SUMIFS(DECKS!$D$2:$D$1201,DECKS!$A$2:$A$1201,INDEX(_LEITURA!$P$2:$P$21,7),DECKS!$B$2:$B$1201,$A6)) | R6: =IF(OR($A6="",INDEX(_LEITURA!$Q$2:$Q$21,8)=0),"",SUMIFS(DECKS!$D$2:$D$1201,DECKS!$A$2:$A$1201,INDEX(_LEITURA!$P$2:$P$21,8),DECKS!$B$2:$B$1201,$A6)) | S6: =IF(OR($A6="",INDEX(_LEITURA!$Q$2:$Q$21,9)=0),"",SUMIFS(DECKS!$D$2:$D$1201,DECKS!$A$2:$A$1201,INDEX(_LEITURA!$P$2:$P$21,9),DECKS!$B$2:$B$1201,$A6)) | T6: =IF(OR($A6="",INDEX(_LEITURA!$Q$2:$Q$21,10)=0),"",SUMIFS(DECKS!$D$2:$D$1201,DECKS!$A$2:$A$1201,INDEX(_LEITURA!$P$2:$P$21,10),DECKS!$B$2:$B$1201,$A6)) | U6: =IF(OR($A6="",INDEX(_LEITURA!$Q$2:$Q$21,11)=0),"",SUMIFS(DECKS!$D$2:$D$1201,DECKS!$A$2:$A$1201,INDEX(_LEITURA!$P$2:$P$21,11),DECKS!$B$2:$B$1201,$A6)) | V6: =IF(OR($A6="",INDEX(_LEITURA!$Q$2:$Q$21,12)=0),"",SUMIFS(DECKS!$D$2:$D$1201,DECKS!$A$2:$A$1201,INDEX(_LEITURA!$P$2:$P$21,12),DECKS!$B$2:$B$1201,$A6)) | W6: =IF(OR($A6="",INDEX(_LEITURA!$Q$2:$Q$21,13)=0),"",SUMIFS(DECKS!$D$2:$D$1201,DECKS!$A$2:$A$1201,INDEX(_LEITURA!$P$2:$P$21,13),DECKS!$B$2:$B$1201,$A6)) | X6: =IF(OR($A6="",INDEX(_LEITURA!$Q$2:$Q$21,14)=0),"",SUMIFS(DECKS!$D$2:$D$1201,DECKS!$A$2:$A$1201,INDEX(_LEITURA!$P$2:$P$21,14),DECKS!$B$2:$B$1201,$A6)) | Y6: =IF(OR($A6="",INDEX(_LEITURA!$Q$2:$Q$21,15)=0),"",SUMIFS(DECKS!$D$2:$D$1201,DECKS!$A$2:$A$1201,INDEX(_LEITURA!$P$2:$P$21,15),DECKS!$B$2:$B$1201,$A6)) | Z6: =IF(OR($A6="",INDEX(_LEITURA!$Q$2:$Q$21,16)=0),"",SUMIFS(DECKS!$D$2:$D$1201,DECKS!$A$2:$A$1201,INDEX(_LEITURA!$P$2:$P$21,16),DECKS!$B$2:$B$1201,$A6)) | AA6: =IF(OR($A6="",INDEX(_LEITURA!$Q$2:$Q$21,17)=0),"",SUMIFS(DECKS!$D$2:$D$1201,DECKS!$A$2:$A$1201,INDEX(_LEITURA!$P$2:$P$21,17),DECKS!$B$2:$B$1201,$A6)) | AB6: =IF(OR($A6="",INDEX(_LEITURA!$Q$2:$Q$21,18)=0),"",SUMIFS(DECKS!$D$2:$D$1201,DECKS!$A$2:$A$1201,INDEX(_LEITURA!$P$2:$P$21,18),DECKS!$B$2:$B$1201,$A6)) | AC6: =IF(OR($A6="",INDEX(_LEITURA!$Q$2:$Q$21,19)=0),"",SUMIFS(DECKS!$D$2:$D$1201,DECKS!$A$2:$A$1201,INDEX(_LEITURA!$P$2:$P$21,19),DECKS!$B$2:$B$1201,$A6)) | AD6: =IF(OR($A6="",INDEX(_LEITURA!$Q$2:$Q$21,20)=0),"",SUMIFS(DECKS!$D$2:$D$1201,DECKS!$A$2:$A$1201,INDEX(_LEITURA!$P$2:$P$21,20),DECKS!$B$2:$B$1201,$A6)) | AE6: =IF(N(E6)>0,MAX(AE$1:AE5)+1,"") | AF6: =IF(A6="","",IFERROR(LEFT(A6,FIND("-",A6)-1),A6)) | AG6: =IF(AF6="","",IF(ISNUMBER(--MID(AF6,1,1)),0,IF(ISNUMBER(--MID(AF6,2,1)),1,IF(ISNUMBER(--MID(AF6,3,1)),2,IF(ISNUMBER(--MID(AF6,4,1)),3,MIN(LEN(AF6),4)))))) | AH6: =IF(A6="","",LEFT(AF6,AG6)&REPT("0",4-AG6)&RIGHT("000"&IFERROR(VALUE(MID(AF6,AG6+1,9)),0),3)&RIGHT("0000"&IFERROR(VALUE(MID(A6,FIND("-",A6)+1,9)),0),4)) | AI6: =IF(OR(A6="",N(E6)<=0),"",IF('FALTAS GERAL'!$M$1="Código","K"&AH6&RIGHT("00000"&ROW(),5),IF('FALTAS GERAL'!$M$1="Nome","K"&UPPER(SUBSTITUTE(SUBSTITUTE(SUBSTITUTE(B6,"*",""),"?",""),"~",""))&"0"&AH6&RIGHT("00000"&ROW(),5),IF('FALTAS GERAL'!$M$1="Falta (maior primeiro)","K"&RIGHT("0000"&(9999-E6),4)&AH6&RIGHT("00000"&ROW(),5),IF('FALTAS GERAL'!$M$1="Nº de decks (maior primeiro)","K"&RIGHT("00"&(99-N(G6)),2)&AH6&RIGHT("00000"&ROW(),5),"K"&RIGHT("00000"&ROW(),5)))))) | AJ6: =IF(AI6="","",COUNTIFS($AI$2:$AI$801,"<"&AI6,$E$2:$E$801,">0")+1) | AK6: =IF(OR(A6="",N(E6)<=0),"",COUNTIFS($AH$2:$AH$801,"<"&AH6,$E$2:$E$801,">0")+COUNTIFS($AH$2:AH6,AH6,$E$2:E6,">0")) | AM6: Cartas compartilhadas entre decks | AN6: =COUNTIF(H2:H801,"Sim") -> 0
A7: =IF(INVENTÁRIO!A7="","",INVENTÁRIO!A7) | B7: =IF(A7="","",INVENTÁRIO!B7) | C7: =IF(A7="","",INVENTÁRIO!C7) | D7: =IF(A7="","",MAX(K7:AD7)) | E7: =IF(A7="","",MAX(0,D7-C7)) | F7: =IF(A7="","",IF(D7=0,"Fora dos decks",IF(E7=0,"Completo","Falta"))) | G7: =IF(A7="","",COUNTIF(K7:AD7,">0")) | H7: =IF(A7="","",IF(G7>1,"Sim","")) | I7: =IF(A7="","",SUMIFS(DECKS!$D$2:$D$1201,DECKS!$B$2:$B$1201,A7)) | J7: =IF(A7="","",MAX(0,I7-C7)) | K7: =IF(OR($A7="",INDEX(_LEITURA!$Q$2:$Q$21,1)=0),"",SUMIFS(DECKS!$D$2:$D$1201,DECKS!$A$2:$A$1201,INDEX(_LEITURA!$P$2:$P$21,1),DECKS!$B$2:$B$1201,$A7)) | L7: =IF(OR($A7="",INDEX(_LEITURA!$Q$2:$Q$21,2)=0),"",SUMIFS(DECKS!$D$2:$D$1201,DECKS!$A$2:$A$1201,INDEX(_LEITURA!$P$2:$P$21,2),DECKS!$B$2:$B$1201,$A7)) | M7: =IF(OR($A7="",INDEX(_LEITURA!$Q$2:$Q$21,3)=0),"",SUMIFS(DECKS!$D$2:$D$1201,DECKS!$A$2:$A$1201,INDEX(_LEITURA!$P$2:$P$21,3),DECKS!$B$2:$B$1201,$A7)) | N7: =IF(OR($A7="",INDEX(_LEITURA!$Q$2:$Q$21,4)=0),"",SUMIFS(DECKS!$D$2:$D$1201,DECKS!$A$2:$A$1201,INDEX(_LEITURA!$P$2:$P$21,4),DECKS!$B$2:$B$1201,$A7)) | O7: =IF(OR($A7="",INDEX(_LEITURA!$Q$2:$Q$21,5)=0),"",SUMIFS(DECKS!$D$2:$D$1201,DECKS!$A$2:$A$1201,INDEX(_LEITURA!$P$2:$P$21,5),DECKS!$B$2:$B$1201,$A7)) | P7: =IF(OR($A7="",INDEX(_LEITURA!$Q$2:$Q$21,6)=0),"",SUMIFS(DECKS!$D$2:$D$1201,DECKS!$A$2:$A$1201,INDEX(_LEITURA!$P$2:$P$21,6),DECKS!$B$2:$B$1201,$A7)) | Q7: =IF(OR($A7="",INDEX(_LEITURA!$Q$2:$Q$21,7)=0),"",SUMIFS(DECKS!$D$2:$D$1201,DECKS!$A$2:$A$1201,INDEX(_LEITURA!$P$2:$P$21,7),DECKS!$B$2:$B$1201,$A7)) | R7: =IF(OR($A7="",INDEX(_LEITURA!$Q$2:$Q$21,8)=0),"",SUMIFS(DECKS!$D$2:$D$1201,DECKS!$A$2:$A$1201,INDEX(_LEITURA!$P$2:$P$21,8),DECKS!$B$2:$B$1201,$A7)) | S7: =IF(OR($A7="",INDEX(_LEITURA!$Q$2:$Q$21,9)=0),"",SUMIFS(DECKS!$D$2:$D$1201,DECKS!$A$2:$A$1201,INDEX(_LEITURA!$P$2:$P$21,9),DECKS!$B$2:$B$1201,$A7)) | T7: =IF(OR($A7="",INDEX(_LEITURA!$Q$2:$Q$21,10)=0),"",SUMIFS(DECKS!$D$2:$D$1201,DECKS!$A$2:$A$1201,INDEX(_LEITURA!$P$2:$P$21,10),DECKS!$B$2:$B$1201,$A7)) | U7: =IF(OR($A7="",INDEX(_LEITURA!$Q$2:$Q$21,11)=0),"",SUMIFS(DECKS!$D$2:$D$1201,DECKS!$A$2:$A$1201,INDEX(_LEITURA!$P$2:$P$21,11),DECKS!$B$2:$B$1201,$A7)) | V7: =IF(OR($A7="",INDEX(_LEITURA!$Q$2:$Q$21,12)=0),"",SUMIFS(DECKS!$D$2:$D$1201,DECKS!$A$2:$A$1201,INDEX(_LEITURA!$P$2:$P$21,12),DECKS!$B$2:$B$1201,$A7)) | W7: =IF(OR($A7="",INDEX(_LEITURA!$Q$2:$Q$21,13)=0),"",SUMIFS(DECKS!$D$2:$D$1201,DECKS!$A$2:$A$1201,INDEX(_LEITURA!$P$2:$P$21,13),DECKS!$B$2:$B$1201,$A7)) | X7: =IF(OR($A7="",INDEX(_LEITURA!$Q$2:$Q$21,14)=0),"",SUMIFS(DECKS!$D$2:$D$1201,DECKS!$A$2:$A$1201,INDEX(_LEITURA!$P$2:$P$21,14),DECKS!$B$2:$B$1201,$A7)) | Y7: =IF(OR($A7="",INDEX(_LEITURA!$Q$2:$Q$21,15)=0),"",SUMIFS(DECKS!$D$2:$D$1201,DECKS!$A$2:$A$1201,INDEX(_LEITURA!$P$2:$P$21,15),DECKS!$B$2:$B$1201,$A7)) | Z7: =IF(OR($A7="",INDEX(_LEITURA!$Q$2:$Q$21,16)=0),"",SUMIFS(DECKS!$D$2:$D$1201,DECKS!$A$2:$A$1201,INDEX(_LEITURA!$P$2:$P$21,16),DECKS!$B$2:$B$1201,$A7)) | AA7: =IF(OR($A7="",INDEX(_LEITURA!$Q$2:$Q$21,17)=0),"",SUMIFS(DECKS!$D$2:$D$1201,DECKS!$A$2:$A$1201,INDEX(_LEITURA!$P$2:$P$21,17),DECKS!$B$2:$B$1201,$A7)) | AB7: =IF(OR($A7="",INDEX(_LEITURA!$Q$2:$Q$21,18)=0),"",SUMIFS(DECKS!$D$2:$D$1201,DECKS!$A$2:$A$1201,INDEX(_LEITURA!$P$2:$P$21,18),DECKS!$B$2:$B$1201,$A7)) | AC7: =IF(OR($A7="",INDEX(_LEITURA!$Q$2:$Q$21,19)=0),"",SUMIFS(DECKS!$D$2:$D$1201,DECKS!$A$2:$A$1201,INDEX(_LEITURA!$P$2:$P$21,19),DECKS!$B$2:$B$1201,$A7)) | AD7: =IF(OR($A7="",INDEX(_LEITURA!$Q$2:$Q$21,20)=0),"",SUMIFS(DECKS!$D$2:$D$1201,DECKS!$A$2:$A$1201,INDEX(_LEITURA!$P$2:$P$21,20),DECKS!$B$2:$B$1201,$A7)) | AE7: =IF(N(E7)>0,MAX(AE$1:AE6)+1,"") | AF7: =IF(A7="","",IFERROR(LEFT(A7,FIND("-",A7)-1),A7)) | AG7: =IF(AF7="","",IF(ISNUMBER(--MID(AF7,1,1)),0,IF(ISNUMBER(--MID(AF7,2,1)),1,IF(ISNUMBER(--MID(AF7,3,1)),2,IF(ISNUMBER(--MID(AF7,4,1)),3,MIN(LEN(AF7),4)))))) | AH7: =IF(A7="","",LEFT(AF7,AG7)&REPT("0",4-AG7)&RIGHT("000"&IFERROR(VALUE(MID(AF7,AG7+1,9)),0),3)&RIGHT("0000"&IFERROR(VALUE(MID(A7,FIND("-",A7)+1,9)),0),4)) | AI7: =IF(OR(A7="",N(E7)<=0),"",IF('FALTAS GERAL'!$M$1="Código","K"&AH7&RIGHT("00000"&ROW(),5),IF('FALTAS GERAL'!$M$1="Nome","K"&UPPER(SUBSTITUTE(SUBSTITUTE(SUBSTITUTE(B7,"*",""),"?",""),"~",""))&"0"&AH7&RIGHT("00000"&ROW(),5),IF('FALTAS GERAL'!$M$1="Falta (maior primeiro)","K"&RIGHT("0000"&(9999-E7),4)&AH7&RIGHT("00000"&ROW(),5),IF('FALTAS GERAL'!$M$1="Nº de decks (maior primeiro)","K"&RIGHT("00"&(99-N(G7)),2)&AH7&RIGHT("00000"&ROW(),5),"K"&RIGHT("00000"&ROW(),5)))))) | AJ7: =IF(AI7="","",COUNTIFS($AI$2:$AI$801,"<"&AI7,$E$2:$E$801,">0")+1) | AK7: =IF(OR(A7="",N(E7)<=0),"",COUNTIFS($AH$2:$AH$801,"<"&AH7,$E$2:$E$801,">0")+COUNTIFS($AH$2:AH7,AH7,$E$2:E7,">0"))
A8: =IF(INVENTÁRIO!A8="","",INVENTÁRIO!A8) | B8: =IF(A8="","",INVENTÁRIO!B8) | C8: =IF(A8="","",INVENTÁRIO!C8) | D8: =IF(A8="","",MAX(K8:AD8)) | E8: =IF(A8="","",MAX(0,D8-C8)) | F8: =IF(A8="","",IF(D8=0,"Fora dos decks",IF(E8=0,"Completo","Falta"))) | G8: =IF(A8="","",COUNTIF(K8:AD8,">0")) | H8: =IF(A8="","",IF(G8>1,"Sim","")) | I8: =IF(A8="","",SUMIFS(DECKS!$D$2:$D$1201,DECKS!$B$2:$B$1201,A8)) | J8: =IF(A8="","",MAX(0,I8-C8)) | K8: =IF(OR($A8="",INDEX(_LEITURA!$Q$2:$Q$21,1)=0),"",SUMIFS(DECKS!$D$2:$D$1201,DECKS!$A$2:$A$1201,INDEX(_LEITURA!$P$2:$P$21,1),DECKS!$B$2:$B$1201,$A8)) | L8: =IF(OR($A8="",INDEX(_LEITURA!$Q$2:$Q$21,2)=0),"",SUMIFS(DECKS!$D$2:$D$1201,DECKS!$A$2:$A$1201,INDEX(_LEITURA!$P$2:$P$21,2),DECKS!$B$2:$B$1201,$A8)) | M8: =IF(OR($A8="",INDEX(_LEITURA!$Q$2:$Q$21,3)=0),"",SUMIFS(DECKS!$D$2:$D$1201,DECKS!$A$2:$A$1201,INDEX(_LEITURA!$P$2:$P$21,3),DECKS!$B$2:$B$1201,$A8)) | N8: =IF(OR($A8="",INDEX(_LEITURA!$Q$2:$Q$21,4)=0),"",SUMIFS(DECKS!$D$2:$D$1201,DECKS!$A$2:$A$1201,INDEX(_LEITURA!$P$2:$P$21,4),DECKS!$B$2:$B$1201,$A8)) | O8: =IF(OR($A8="",INDEX(_LEITURA!$Q$2:$Q$21,5)=0),"",SUMIFS(DECKS!$D$2:$D$1201,DECKS!$A$2:$A$1201,INDEX(_LEITURA!$P$2:$P$21,5),DECKS!$B$2:$B$1201,$A8)) | P8: =IF(OR($A8="",INDEX(_LEITURA!$Q$2:$Q$21,6)=0),"",SUMIFS(DECKS!$D$2:$D$1201,DECKS!$A$2:$A$1201,INDEX(_LEITURA!$P$2:$P$21,6),DECKS!$B$2:$B$1201,$A8)) | Q8: =IF(OR($A8="",INDEX(_LEITURA!$Q$2:$Q$21,7)=0),"",SUMIFS(DECKS!$D$2:$D$1201,DECKS!$A$2:$A$1201,INDEX(_LEITURA!$P$2:$P$21,7),DECKS!$B$2:$B$1201,$A8)) | R8: =IF(OR($A8="",INDEX(_LEITURA!$Q$2:$Q$21,8)=0),"",SUMIFS(DECKS!$D$2:$D$1201,DECKS!$A$2:$A$1201,INDEX(_LEITURA!$P$2:$P$21,8),DECKS!$B$2:$B$1201,$A8)) | S8: =IF(OR($A8="",INDEX(_LEITURA!$Q$2:$Q$21,9)=0),"",SUMIFS(DECKS!$D$2:$D$1201,DECKS!$A$2:$A$1201,INDEX(_LEITURA!$P$2:$P$21,9),DECKS!$B$2:$B$1201,$A8)) | T8: =IF(OR($A8="",INDEX(_LEITURA!$Q$2:$Q$21,10)=0),"",SUMIFS(DECKS!$D$2:$D$1201,DECKS!$A$2:$A$1201,INDEX(_LEITURA!$P$2:$P$21,10),DECKS!$B$2:$B$1201,$A8)) | U8: =IF(OR($A8="",INDEX(_LEITURA!$Q$2:$Q$21,11)=0),"",SUMIFS(DECKS!$D$2:$D$1201,DECKS!$A$2:$A$1201,INDEX(_LEITURA!$P$2:$P$21,11),DECKS!$B$2:$B$1201,$A8)) | V8: =IF(OR($A8="",INDEX(_LEITURA!$Q$2:$Q$21,12)=0),"",SUMIFS(DECKS!$D$2:$D$1201,DECKS!$A$2:$A$1201,INDEX(_LEITURA!$P$2:$P$21,12),DECKS!$B$2:$B$1201,$A8)) | W8: =IF(OR($A8="",INDEX(_LEITURA!$Q$2:$Q$21,13)=0),"",SUMIFS(DECKS!$D$2:$D$1201,DECKS!$A$2:$A$1201,INDEX(_LEITURA!$P$2:$P$21,13),DECKS!$B$2:$B$1201,$A8)) | X8: =IF(OR($A8="",INDEX(_LEITURA!$Q$2:$Q$21,14)=0),"",SUMIFS(DECKS!$D$2:$D$1201,DECKS!$A$2:$A$1201,INDEX(_LEITURA!$P$2:$P$21,14),DECKS!$B$2:$B$1201,$A8)) | Y8: =IF(OR($A8="",INDEX(_LEITURA!$Q$2:$Q$21,15)=0),"",SUMIFS(DECKS!$D$2:$D$1201,DECKS!$A$2:$A$1201,INDEX(_LEITURA!$P$2:$P$21,15),DECKS!$B$2:$B$1201,$A8)) | Z8: =IF(OR($A8="",INDEX(_LEITURA!$Q$2:$Q$21,16)=0),"",SUMIFS(DECKS!$D$2:$D$1201,DECKS!$A$2:$A$1201,INDEX(_LEITURA!$P$2:$P$21,16),DECKS!$B$2:$B$1201,$A8)) | AA8: =IF(OR($A8="",INDEX(_LEITURA!$Q$2:$Q$21,17)=0),"",SUMIFS(DECKS!$D$2:$D$1201,DECKS!$A$2:$A$1201,INDEX(_LEITURA!$P$2:$P$21,17),DECKS!$B$2:$B$1201,$A8)) | AB8: =IF(OR($A8="",INDEX(_LEITURA!$Q$2:$Q$21,18)=0),"",SUMIFS(DECKS!$D$2:$D$1201,DECKS!$A$2:$A$1201,INDEX(_LEITURA!$P$2:$P$21,18),DECKS!$B$2:$B$1201,$A8)) | AC8: =IF(OR($A8="",INDEX(_LEITURA!$Q$2:$Q$21,19)=0),"",SUMIFS(DECKS!$D$2:$D$1201,DECKS!$A$2:$A$1201,INDEX(_LEITURA!$P$2:$P$21,19),DECKS!$B$2:$B$1201,$A8)) | AD8: =IF(OR($A8="",INDEX(_LEITURA!$Q$2:$Q$21,20)=0),"",SUMIFS(DECKS!$D$2:$D$1201,DECKS!$A$2:$A$1201,INDEX(_LEITURA!$P$2:$P$21,20),DECKS!$B$2:$B$1201,$A8)) | AE8: =IF(N(E8)>0,MAX(AE$1:AE7)+1,"") | AF8: =IF(A8="","",IFERROR(LEFT(A8,FIND("-",A8)-1),A8)) | AG8: =IF(AF8="","",IF(ISNUMBER(--MID(AF8,1,1)),0,IF(ISNUMBER(--MID(AF8,2,1)),1,IF(ISNUMBER(--MID(AF8,3,1)),2,IF(ISNUMBER(--MID(AF8,4,1)),3,MIN(LEN(AF8),4)))))) | AH8: =IF(A8="","",LEFT(AF8,AG8)&REPT("0",4-AG8)&RIGHT("000"&IFERROR(VALUE(MID(AF8,AG8+1,9)),0),3)&RIGHT("0000"&IFERROR(VALUE(MID(A8,FIND("-",A8)+1,9)),0),4)) | AI8: =IF(OR(A8="",N(E8)<=0),"",IF('FALTAS GERAL'!$M$1="Código","K"&AH8&RIGHT("00000"&ROW(),5),IF('FALTAS GERAL'!$M$1="Nome","K"&UPPER(SUBSTITUTE(SUBSTITUTE(SUBSTITUTE(B8,"*",""),"?",""),"~",""))&"0"&AH8&RIGHT("00000"&ROW(),5),IF('FALTAS GERAL'!$M$1="Falta (maior primeiro)","K"&RIGHT("0000"&(9999-E8),4)&AH8&RIGHT("00000"&ROW(),5),IF('FALTAS GERAL'!$M$1="Nº de decks (maior primeiro)","K"&RIGHT("00"&(99-N(G8)),2)&AH8&RIGHT("00000"&ROW(),5),"K"&RIGHT("00000"&ROW(),5)))))) | AJ8: =IF(AI8="","",COUNTIFS($AI$2:$AI$801,"<"&AI8,$E$2:$E$801,">0")+1) | AK8: =IF(OR(A8="",N(E8)<=0),"",COUNTIFS($AH$2:$AH$801,"<"&AH8,$E$2:$E$801,">0")+COUNTIFS($AH$2:AH8,AH8,$E$2:E8,">0")) | AM8: Amarelo = carta usada em mais de um deck. Vermelho = ainda falta cópia para montar o deck que mais pede.
A9: =IF(INVENTÁRIO!A9="","",INVENTÁRIO!A9) | B9: =IF(A9="","",INVENTÁRIO!B9) | C9: =IF(A9="","",INVENTÁRIO!C9) | D9: =IF(A9="","",MAX(K9:AD9)) | E9: =IF(A9="","",MAX(0,D9-C9)) | F9: =IF(A9="","",IF(D9=0,"Fora dos decks",IF(E9=0,"Completo","Falta"))) | G9: =IF(A9="","",COUNTIF(K9:AD9,">0")) | H9: =IF(A9="","",IF(G9>1,"Sim","")) | I9: =IF(A9="","",SUMIFS(DECKS!$D$2:$D$1201,DECKS!$B$2:$B$1201,A9)) | J9: =IF(A9="","",MAX(0,I9-C9)) | K9: =IF(OR($A9="",INDEX(_LEITURA!$Q$2:$Q$21,1)=0),"",SUMIFS(DECKS!$D$2:$D$1201,DECKS!$A$2:$A$1201,INDEX(_LEITURA!$P$2:$P$21,1),DECKS!$B$2:$B$1201,$A9)) | L9: =IF(OR($A9="",INDEX(_LEITURA!$Q$2:$Q$21,2)=0),"",SUMIFS(DECKS!$D$2:$D$1201,DECKS!$A$2:$A$1201,INDEX(_LEITURA!$P$2:$P$21,2),DECKS!$B$2:$B$1201,$A9)) | M9: =IF(OR($A9="",INDEX(_LEITURA!$Q$2:$Q$21,3)=0),"",SUMIFS(DECKS!$D$2:$D$1201,DECKS!$A$2:$A$1201,INDEX(_LEITURA!$P$2:$P$21,3),DECKS!$B$2:$B$1201,$A9)) | N9: =IF(OR($A9="",INDEX(_LEITURA!$Q$2:$Q$21,4)=0),"",SUMIFS(DECKS!$D$2:$D$1201,DECKS!$A$2:$A$1201,INDEX(_LEITURA!$P$2:$P$21,4),DECKS!$B$2:$B$1201,$A9)) | O9: =IF(OR($A9="",INDEX(_LEITURA!$Q$2:$Q$21,5)=0),"",SUMIFS(DECKS!$D$2:$D$1201,DECKS!$A$2:$A$1201,INDEX(_LEITURA!$P$2:$P$21,5),DECKS!$B$2:$B$1201,$A9)) | P9: =IF(OR($A9="",INDEX(_LEITURA!$Q$2:$Q$21,6)=0),"",SUMIFS(DECKS!$D$2:$D$1201,DECKS!$A$2:$A$1201,INDEX(_LEITURA!$P$2:$P$21,6),DECKS!$B$2:$B$1201,$A9)) | Q9: =IF(OR($A9="",INDEX(_LEITURA!$Q$2:$Q$21,7)=0),"",SUMIFS(DECKS!$D$2:$D$1201,DECKS!$A$2:$A$1201,INDEX(_LEITURA!$P$2:$P$21,7),DECKS!$B$2:$B$1201,$A9)) | R9: =IF(OR($A9="",INDEX(_LEITURA!$Q$2:$Q$21,8)=0),"",SUMIFS(DECKS!$D$2:$D$1201,DECKS!$A$2:$A$1201,INDEX(_LEITURA!$P$2:$P$21,8),DECKS!$B$2:$B$1201,$A9)) | S9: =IF(OR($A9="",INDEX(_LEITURA!$Q$2:$Q$21,9)=0),"",SUMIFS(DECKS!$D$2:$D$1201,DECKS!$A$2:$A$1201,INDEX(_LEITURA!$P$2:$P$21,9),DECKS!$B$2:$B$1201,$A9)) | T9: =IF(OR($A9="",INDEX(_LEITURA!$Q$2:$Q$21,10)=0),"",SUMIFS(DECKS!$D$2:$D$1201,DECKS!$A$2:$A$1201,INDEX(_LEITURA!$P$2:$P$21,10),DECKS!$B$2:$B$1201,$A9)) | U9: =IF(OR($A9="",INDEX(_LEITURA!$Q$2:$Q$21,11)=0),"",SUMIFS(DECKS!$D$2:$D$1201,DECKS!$A$2:$A$1201,INDEX(_LEITURA!$P$2:$P$21,11),DECKS!$B$2:$B$1201,$A9)) | V9: =IF(OR($A9="",INDEX(_LEITURA!$Q$2:$Q$21,12)=0),"",SUMIFS(DECKS!$D$2:$D$1201,DECKS!$A$2:$A$1201,INDEX(_LEITURA!$P$2:$P$21,12),DECKS!$B$2:$B$1201,$A9)) | W9: =IF(OR($A9="",INDEX(_LEITURA!$Q$2:$Q$21,13)=0),"",SUMIFS(DECKS!$D$2:$D$1201,DECKS!$A$2:$A$1201,INDEX(_LEITURA!$P$2:$P$21,13),DECKS!$B$2:$B$1201,$A9)) | X9: =IF(OR($A9="",INDEX(_LEITURA!$Q$2:$Q$21,14)=0),"",SUMIFS(DECKS!$D$2:$D$1201,DECKS!$A$2:$A$1201,INDEX(_LEITURA!$P$2:$P$21,14),DECKS!$B$2:$B$1201,$A9)) | Y9: =IF(OR($A9="",INDEX(_LEITURA!$Q$2:$Q$21,15)=0),"",SUMIFS(DECKS!$D$2:$D$1201,DECKS!$A$2:$A$1201,INDEX(_LEITURA!$P$2:$P$21,15),DECKS!$B$2:$B$1201,$A9)) | Z9: =IF(OR($A9="",INDEX(_LEITURA!$Q$2:$Q$21,16)=0),"",SUMIFS(DECKS!$D$2:$D$1201,DECKS!$A$2:$A$1201,INDEX(_LEITURA!$P$2:$P$21,16),DECKS!$B$2:$B$1201,$A9)) | AA9: =IF(OR($A9="",INDEX(_LEITURA!$Q$2:$Q$21,17)=0),"",SUMIFS(DECKS!$D$2:$D$1201,DECKS!$A$2:$A$1201,INDEX(_LEITURA!$P$2:$P$21,17),DECKS!$B$2:$B$1201,$A9)) | AB9: =IF(OR($A9="",INDEX(_LEITURA!$Q$2:$Q$21,18)=0),"",SUMIFS(DECKS!$D$2:$D$1201,DECKS!$A$2:$A$1201,INDEX(_LEITURA!$P$2:$P$21,18),DECKS!$B$2:$B$1201,$A9)) | AC9: =IF(OR($A9="",INDEX(_LEITURA!$Q$2:$Q$21,19)=0),"",SUMIFS(DECKS!$D$2:$D$1201,DECKS!$A$2:$A$1201,INDEX(_LEITURA!$P$2:$P$21,19),DECKS!$B$2:$B$1201,$A9)) | AD9: =IF(OR($A9="",INDEX(_LEITURA!$Q$2:$Q$21,20)=0),"",SUMIFS(DECKS!$D$2:$D$1201,DECKS!$A$2:$A$1201,INDEX(_LEITURA!$P$2:$P$21,20),DECKS!$B$2:$B$1201,$A9)) | AE9: =IF(N(E9)>0,MAX(AE$1:AE8)+1,"") | AF9: =IF(A9="","",IFERROR(LEFT(A9,FIND("-",A9)-1),A9)) | AG9: =IF(AF9="","",IF(ISNUMBER(--MID(AF9,1,1)),0,IF(ISNUMBER(--MID(AF9,2,1)),1,IF(ISNUMBER(--MID(AF9,3,1)),2,IF(ISNUMBER(--MID(AF9,4,1)),3,MIN(LEN(AF9),4)))))) | AH9: =IF(A9="","",LEFT(AF9,AG9)&REPT("0",4-AG9)&RIGHT("000"&IFERROR(VALUE(MID(AF9,AG9+1,9)),0),3)&RIGHT("0000"&IFERROR(VALUE(MID(A9,FIND("-",A9)+1,9)),0),4)) | AI9: =IF(OR(A9="",N(E9)<=0),"",IF('FALTAS GERAL'!$M$1="Código","K"&AH9&RIGHT("00000"&ROW(),5),IF('FALTAS GERAL'!$M$1="Nome","K"&UPPER(SUBSTITUTE(SUBSTITUTE(SUBSTITUTE(B9,"*",""),"?",""),"~",""))&"0"&AH9&RIGHT("00000"&ROW(),5),IF('FALTAS GERAL'!$M$1="Falta (maior primeiro)","K"&RIGHT("0000"&(9999-E9),4)&AH9&RIGHT("00000"&ROW(),5),IF('FALTAS GERAL'!$M$1="Nº de decks (maior primeiro)","K"&RIGHT("00"&(99-N(G9)),2)&AH9&RIGHT("00000"&ROW(),5),"K"&RIGHT("00000"&ROW(),5)))))) | AJ9: =IF(AI9="","",COUNTIFS($AI$2:$AI$801,"<"&AI9,$E$2:$E$801,">0")+1) | AK9: =IF(OR(A9="",N(E9)<=0),"",COUNTIFS($AH$2:$AH$801,"<"&AH9,$E$2:$E$801,">0")+COUNTIFS($AH$2:AH9,AH9,$E$2:E9,">0"))
A10: =IF(INVENTÁRIO!A10="","",INVENTÁRIO!A10) | B10: =IF(A10="","",INVENTÁRIO!B10) | C10: =IF(A10="","",INVENTÁRIO!C10) | D10: =IF(A10="","",MAX(K10:AD10)) | E10: =IF(A10="","",MAX(0,D10-C10)) | F10: =IF(A10="","",IF(D10=0,"Fora dos decks",IF(E10=0,"Completo","Falta"))) | G10: =IF(A10="","",COUNTIF(K10:AD10,">0")) | H10: =IF(A10="","",IF(G10>1,"Sim","")) | I10: =IF(A10="","",SUMIFS(DECKS!$D$2:$D$1201,DECKS!$B$2:$B$1201,A10)) | J10: =IF(A10="","",MAX(0,I10-C10)) | K10: =IF(OR($A10="",INDEX(_LEITURA!$Q$2:$Q$21,1)=0),"",SUMIFS(DECKS!$D$2:$D$1201,DECKS!$A$2:$A$1201,INDEX(_LEITURA!$P$2:$P$21,1),DECKS!$B$2:$B$1201,$A10)) | L10: =IF(OR($A10="",INDEX(_LEITURA!$Q$2:$Q$21,2)=0),"",SUMIFS(DECKS!$D$2:$D$1201,DECKS!$A$2:$A$1201,INDEX(_LEITURA!$P$2:$P$21,2),DECKS!$B$2:$B$1201,$A10)) | M10: =IF(OR($A10="",INDEX(_LEITURA!$Q$2:$Q$21,3)=0),"",SUMIFS(DECKS!$D$2:$D$1201,DECKS!$A$2:$A$1201,INDEX(_LEITURA!$P$2:$P$21,3),DECKS!$B$2:$B$1201,$A10)) | N10: =IF(OR($A10="",INDEX(_LEITURA!$Q$2:$Q$21,4)=0),"",SUMIFS(DECKS!$D$2:$D$1201,DECKS!$A$2:$A$1201,INDEX(_LEITURA!$P$2:$P$21,4),DECKS!$B$2:$B$1201,$A10)) | O10: =IF(OR($A10="",INDEX(_LEITURA!$Q$2:$Q$21,5)=0),"",SUMIFS(DECKS!$D$2:$D$1201,DECKS!$A$2:$A$1201,INDEX(_LEITURA!$P$2:$P$21,5),DECKS!$B$2:$B$1201,$A10)) | P10: =IF(OR($A10="",INDEX(_LEITURA!$Q$2:$Q$21,6)=0),"",SUMIFS(DECKS!$D$2:$D$1201,DECKS!$A$2:$A$1201,INDEX(_LEITURA!$P$2:$P$21,6),DECKS!$B$2:$B$1201,$A10)) | Q10: =IF(OR($A10="",INDEX(_LEITURA!$Q$2:$Q$21,7)=0),"",SUMIFS(DECKS!$D$2:$D$1201,DECKS!$A$2:$A$1201,INDEX(_LEITURA!$P$2:$P$21,7),DECKS!$B$2:$B$1201,$A10)) | R10: =IF(OR($A10="",INDEX(_LEITURA!$Q$2:$Q$21,8)=0),"",SUMIFS(DECKS!$D$2:$D$1201,DECKS!$A$2:$A$1201,INDEX(_LEITURA!$P$2:$P$21,8),DECKS!$B$2:$B$1201,$A10)) | S10: =IF(OR($A10="",INDEX(_LEITURA!$Q$2:$Q$21,9)=0),"",SUMIFS(DECKS!$D$2:$D$1201,DECKS!$A$2:$A$1201,INDEX(_LEITURA!$P$2:$P$21,9),DECKS!$B$2:$B$1201,$A10)) | T10: =IF(OR($A10="",INDEX(_LEITURA!$Q$2:$Q$21,10)=0),"",SUMIFS(DECKS!$D$2:$D$1201,DECKS!$A$2:$A$1201,INDEX(_LEITURA!$P$2:$P$21,10),DECKS!$B$2:$B$1201,$A10)) | U10: =IF(OR($A10="",INDEX(_LEITURA!$Q$2:$Q$21,11)=0),"",SUMIFS(DECKS!$D$2:$D$1201,DECKS!$A$2:$A$1201,INDEX(_LEITURA!$P$2:$P$21,11),DECKS!$B$2:$B$1201,$A10)) | V10: =IF(OR($A10="",INDEX(_LEITURA!$Q$2:$Q$21,12)=0),"",SUMIFS(DECKS!$D$2:$D$1201,DECKS!$A$2:$A$1201,INDEX(_LEITURA!$P$2:$P$21,12),DECKS!$B$2:$B$1201,$A10)) | W10: =IF(OR($A10="",INDEX(_LEITURA!$Q$2:$Q$21,13)=0),"",SUMIFS(DECKS!$D$2:$D$1201,DECKS!$A$2:$A$1201,INDEX(_LEITURA!$P$2:$P$21,13),DECKS!$B$2:$B$1201,$A10)) | X10: =IF(OR($A10="",INDEX(_LEITURA!$Q$2:$Q$21,14)=0),"",SUMIFS(DECKS!$D$2:$D$1201,DECKS!$A$2:$A$1201,INDEX(_LEITURA!$P$2:$P$21,14),DECKS!$B$2:$B$1201,$A10)) | Y10: =IF(OR($A10="",INDEX(_LEITURA!$Q$2:$Q$21,15)=0),"",SUMIFS(DECKS!$D$2:$D$1201,DECKS!$A$2:$A$1201,INDEX(_LEITURA!$P$2:$P$21,15),DECKS!$B$2:$B$1201,$A10)) | Z10: =IF(OR($A10="",INDEX(_LEITURA!$Q$2:$Q$21,16)=0),"",SUMIFS(DECKS!$D$2:$D$1201,DECKS!$A$2:$A$1201,INDEX(_LEITURA!$P$2:$P$21,16),DECKS!$B$2:$B$1201,$A10)) | AA10: =IF(OR($A10="",INDEX(_LEITURA!$Q$2:$Q$21,17)=0),"",SUMIFS(DECKS!$D$2:$D$1201,DECKS!$A$2:$A$1201,INDEX(_LEITURA!$P$2:$P$21,17),DECKS!$B$2:$B$1201,$A10)) | AB10: =IF(OR($A10="",INDEX(_LEITURA!$Q$2:$Q$21,18)=0),"",SUMIFS(DECKS!$D$2:$D$1201,DECKS!$A$2:$A$1201,INDEX(_LEITURA!$P$2:$P$21,18),DECKS!$B$2:$B$1201,$A10)) | AC10: =IF(OR($A10="",INDEX(_LEITURA!$Q$2:$Q$21,19)=0),"",SUMIFS(DECKS!$D$2:$D$1201,DECKS!$A$2:$A$1201,INDEX(_LEITURA!$P$2:$P$21,19),DECKS!$B$2:$B$1201,$A10)) | AD10: =IF(OR($A10="",INDEX(_LEITURA!$Q$2:$Q$21,20)=0),"",SUMIFS(DECKS!$D$2:$D$1201,DECKS!$A$2:$A$1201,INDEX(_LEITURA!$P$2:$P$21,20),DECKS!$B$2:$B$1201,$A10)) | AE10: =IF(N(E10)>0,MAX(AE$1:AE9)+1,"") | AF10: =IF(A10="","",IFERROR(LEFT(A10,FIND("-",A10)-1),A10)) | AG10: =IF(AF10="","",IF(ISNUMBER(--MID(AF10,1,1)),0,IF(ISNUMBER(--MID(AF10,2,1)),1,IF(ISNUMBER(--MID(AF10,3,1)),2,IF(ISNUMBER(--MID(AF10,4,1)),3,MIN(LEN(AF10),4)))))) | AH10: =IF(A10="","",LEFT(AF10,AG10)&REPT("0",4-AG10)&RIGHT("000"&IFERROR(VALUE(MID(AF10,AG10+1,9)),0),3)&RIGHT("0000"&IFERROR(VALUE(MID(A10,FIND("-",A10)+1,9)),0),4)) | AI10: =IF(OR(A10="",N(E10)<=0),"",IF('FALTAS GERAL'!$M$1="Código","K"&AH10&RIGHT("00000"&ROW(),5),IF('FALTAS GERAL'!$M$1="Nome","K"&UPPER(SUBSTITUTE(SUBSTITUTE(SUBSTITUTE(B10,"*",""),"?",""),"~",""))&"0"&AH10&RIGHT("00000"&ROW(),5),IF('FALTAS GERAL'!$M$1="Falta (maior primeiro)","K"&RIGHT("0000"&(9999-E10),4)&AH10&RIGHT("00000"&ROW(),5),IF('FALTAS GERAL'!$M$1="Nº de decks (maior primeiro)","K"&RIGHT("00"&(99-N(G10)),2)&AH10&RIGHT("00000"&ROW(),5),"K"&RIGHT("00000"&ROW(),5)))))) | AJ10: =IF(AI10="","",COUNTIFS($AI$2:$AI$801,"<"&AI10,$E$2:$E$801,">0")+1) | AK10: =IF(OR(A10="",N(E10)<=0),"",COUNTIFS($AH$2:$AH$801,"<"&AH10,$E$2:$E$801,">0")+COUNTIFS($AH$2:AH10,AH10,$E$2:E10,">0"))
A11: =IF(INVENTÁRIO!A11="","",INVENTÁRIO!A11) | B11: =IF(A11="","",INVENTÁRIO!B11) | C11: =IF(A11="","",INVENTÁRIO!C11) | D11: =IF(A11="","",MAX(K11:AD11)) | E11: =IF(A11="","",MAX(0,D11-C11)) | F11: =IF(A11="","",IF(D11=0,"Fora dos decks",IF(E11=0,"Completo","Falta"))) | G11: =IF(A11="","",COUNTIF(K11:AD11,">0")) | H11: =IF(A11="","",IF(G11>1,"Sim","")) | I11: =IF(A11="","",SUMIFS(DECKS!$D$2:$D$1201,DECKS!$B$2:$B$1201,A11)) | J11: =IF(A11="","",MAX(0,I11-C11)) | K11: =IF(OR($A11="",INDEX(_LEITURA!$Q$2:$Q$21,1)=0),"",SUMIFS(DECKS!$D$2:$D$1201,DECKS!$A$2:$A$1201,INDEX(_LEITURA!$P$2:$P$21,1),DECKS!$B$2:$B$1201,$A11)) | L11: =IF(OR($A11="",INDEX(_LEITURA!$Q$2:$Q$21,2)=0),"",SUMIFS(DECKS!$D$2:$D$1201,DECKS!$A$2:$A$1201,INDEX(_LEITURA!$P$2:$P$21,2),DECKS!$B$2:$B$1201,$A11)) | M11: =IF(OR($A11="",INDEX(_LEITURA!$Q$2:$Q$21,3)=0),"",SUMIFS(DECKS!$D$2:$D$1201,DECKS!$A$2:$A$1201,INDEX(_LEITURA!$P$2:$P$21,3),DECKS!$B$2:$B$1201,$A11)) | N11: =IF(OR($A11="",INDEX(_LEITURA!$Q$2:$Q$21,4)=0),"",SUMIFS(DECKS!$D$2:$D$1201,DECKS!$A$2:$A$1201,INDEX(_LEITURA!$P$2:$P$21,4),DECKS!$B$2:$B$1201,$A11)) | O11: =IF(OR($A11="",INDEX(_LEITURA!$Q$2:$Q$21,5)=0),"",SUMIFS(DECKS!$D$2:$D$1201,DECKS!$A$2:$A$1201,INDEX(_LEITURA!$P$2:$P$21,5),DECKS!$B$2:$B$1201,$A11)) | P11: =IF(OR($A11="",INDEX(_LEITURA!$Q$2:$Q$21,6)=0),"",SUMIFS(DECKS!$D$2:$D$1201,DECKS!$A$2:$A$1201,INDEX(_LEITURA!$P$2:$P$21,6),DECKS!$B$2:$B$1201,$A11)) | Q11: =IF(OR($A11="",INDEX(_LEITURA!$Q$2:$Q$21,7)=0),"",SUMIFS(DECKS!$D$2:$D$1201,DECKS!$A$2:$A$1201,INDEX(_LEITURA!$P$2:$P$21,7),DECKS!$B$2:$B$1201,$A11)) | R11: =IF(OR($A11="",INDEX(_LEITURA!$Q$2:$Q$21,8)=0),"",SUMIFS(DECKS!$D$2:$D$1201,DECKS!$A$2:$A$1201,INDEX(_LEITURA!$P$2:$P$21,8),DECKS!$B$2:$B$1201,$A11)) | S11: =IF(OR($A11="",INDEX(_LEITURA!$Q$2:$Q$21,9)=0),"",SUMIFS(DECKS!$D$2:$D$1201,DECKS!$A$2:$A$1201,INDEX(_LEITURA!$P$2:$P$21,9),DECKS!$B$2:$B$1201,$A11)) | T11: =IF(OR($A11="",INDEX(_LEITURA!$Q$2:$Q$21,10)=0),"",SUMIFS(DECKS!$D$2:$D$1201,DECKS!$A$2:$A$1201,INDEX(_LEITURA!$P$2:$P$21,10),DECKS!$B$2:$B$1201,$A11)) | U11: =IF(OR($A11="",INDEX(_LEITURA!$Q$2:$Q$21,11)=0),"",SUMIFS(DECKS!$D$2:$D$1201,DECKS!$A$2:$A$1201,INDEX(_LEITURA!$P$2:$P$21,11),DECKS!$B$2:$B$1201,$A11)) | V11: =IF(OR($A11="",INDEX(_LEITURA!$Q$2:$Q$21,12)=0),"",SUMIFS(DECKS!$D$2:$D$1201,DECKS!$A$2:$A$1201,INDEX(_LEITURA!$P$2:$P$21,12),DECKS!$B$2:$B$1201,$A11)) | W11: =IF(OR($A11="",INDEX(_LEITURA!$Q$2:$Q$21,13)=0),"",SUMIFS(DECKS!$D$2:$D$1201,DECKS!$A$2:$A$1201,INDEX(_LEITURA!$P$2:$P$21,13),DECKS!$B$2:$B$1201,$A11)) | X11: =IF(OR($A11="",INDEX(_LEITURA!$Q$2:$Q$21,14)=0),"",SUMIFS(DECKS!$D$2:$D$1201,DECKS!$A$2:$A$1201,INDEX(_LEITURA!$P$2:$P$21,14),DECKS!$B$2:$B$1201,$A11)) | Y11: =IF(OR($A11="",INDEX(_LEITURA!$Q$2:$Q$21,15)=0),"",SUMIFS(DECKS!$D$2:$D$1201,DECKS!$A$2:$A$1201,INDEX(_LEITURA!$P$2:$P$21,15),DECKS!$B$2:$B$1201,$A11)) | Z11: =IF(OR($A11="",INDEX(_LEITURA!$Q$2:$Q$21,16)=0),"",SUMIFS(DECKS!$D$2:$D$1201,DECKS!$A$2:$A$1201,INDEX(_LEITURA!$P$2:$P$21,16),DECKS!$B$2:$B$1201,$A11)) | AA11: =IF(OR($A11="",INDEX(_LEITURA!$Q$2:$Q$21,17)=0),"",SUMIFS(DECKS!$D$2:$D$1201,DECKS!$A$2:$A$1201,INDEX(_LEITURA!$P$2:$P$21,17),DECKS!$B$2:$B$1201,$A11)) | AB11: =IF(OR($A11="",INDEX(_LEITURA!$Q$2:$Q$21,18)=0),"",SUMIFS(DECKS!$D$2:$D$1201,DECKS!$A$2:$A$1201,INDEX(_LEITURA!$P$2:$P$21,18),DECKS!$B$2:$B$1201,$A11)) | AC11: =IF(OR($A11="",INDEX(_LEITURA!$Q$2:$Q$21,19)=0),"",SUMIFS(DECKS!$D$2:$D$1201,DECKS!$A$2:$A$1201,INDEX(_LEITURA!$P$2:$P$21,19),DECKS!$B$2:$B$1201,$A11)) | AD11: =IF(OR($A11="",INDEX(_LEITURA!$Q$2:$Q$21,20)=0),"",SUMIFS(DECKS!$D$2:$D$1201,DECKS!$A$2:$A$1201,INDEX(_LEITURA!$P$2:$P$21,20),DECKS!$B$2:$B$1201,$A11)) | AE11: =IF(N(E11)>0,MAX(AE$1:AE10)+1,"") | AF11: =IF(A11="","",IFERROR(LEFT(A11,FIND("-",A11)-1),A11)) | AG11: =IF(AF11="","",IF(ISNUMBER(--MID(AF11,1,1)),0,IF(ISNUMBER(--MID(AF11,2,1)),1,IF(ISNUMBER(--MID(AF11,3,1)),2,IF(ISNUMBER(--MID(AF11,4,1)),3,MIN(LEN(AF11),4)))))) | AH11: =IF(A11="","",LEFT(AF11,AG11)&REPT("0",4-AG11)&RIGHT("000"&IFERROR(VALUE(MID(AF11,AG11+1,9)),0),3)&RIGHT("0000"&IFERROR(VALUE(MID(A11,FIND("-",A11)+1,9)),0),4)) | AI11: =IF(OR(A11="",N(E11)<=0),"",IF('FALTAS GERAL'!$M$1="Código","K"&AH11&RIGHT("00000"&ROW(),5),IF('FALTAS GERAL'!$M$1="Nome","K"&UPPER(SUBSTITUTE(SUBSTITUTE(SUBSTITUTE(B11,"*",""),"?",""),"~",""))&"0"&AH11&RIGHT("00000"&ROW(),5),IF('FALTAS GERAL'!$M$1="Falta (maior primeiro)","K"&RIGHT("0000"&(9999-E11),4)&AH11&RIGHT("00000"&ROW(),5),IF('FALTAS GERAL'!$M$1="Nº de decks (maior primeiro)","K"&RIGHT("00"&(99-N(G11)),2)&AH11&RIGHT("00000"&ROW(),5),"K"&RIGHT("00000"&ROW(),5)))))) | AJ11: =IF(AI11="","",COUNTIFS($AI$2:$AI$801,"<"&AI11,$E$2:$E$801,">0")+1) | AK11: =IF(OR(A11="",N(E11)<=0),"",COUNTIFS($AH$2:$AH$801,"<"&AH11,$E$2:$E$801,">0")+COUNTIFS($AH$2:AH11,AH11,$E$2:E11,">0"))
A12: =IF(INVENTÁRIO!A12="","",INVENTÁRIO!A12) | B12: =IF(A12="","",INVENTÁRIO!B12) | C12: =IF(A12="","",INVENTÁRIO!C12) | D12: =IF(A12="","",MAX(K12:AD12)) | E12: =IF(A12="","",MAX(0,D12-C12)) | F12: =IF(A12="","",IF(D12=0,"Fora dos decks",IF(E12=0,"Completo","Falta"))) | G12: =IF(A12="","",COUNTIF(K12:AD12,">0")) | H12: =IF(A12="","",IF(G12>1,"Sim","")) | I12: =IF(A12="","",SUMIFS(DECKS!$D$2:$D$1201,DECKS!$B$2:$B$1201,A12)) | J12: =IF(A12="","",MAX(0,I12-C12)) | K12: =IF(OR($A12="",INDEX(_LEITURA!$Q$2:$Q$21,1)=0),"",SUMIFS(DECKS!$D$2:$D$1201,DECKS!$A$2:$A$1201,INDEX(_LEITURA!$P$2:$P$21,1),DECKS!$B$2:$B$1201,$A12)) | L12: =IF(OR($A12="",INDEX(_LEITURA!$Q$2:$Q$21,2)=0),"",SUMIFS(DECKS!$D$2:$D$1201,DECKS!$A$2:$A$1201,INDEX(_LEITURA!$P$2:$P$21,2),DECKS!$B$2:$B$1201,$A12)) | M12: =IF(OR($A12="",INDEX(_LEITURA!$Q$2:$Q$21,3)=0),"",SUMIFS(DECKS!$D$2:$D$1201,DECKS!$A$2:$A$1201,INDEX(_LEITURA!$P$2:$P$21,3),DECKS!$B$2:$B$1201,$A12)) | N12: =IF(OR($A12="",INDEX(_LEITURA!$Q$2:$Q$21,4)=0),"",SUMIFS(DECKS!$D$2:$D$1201,DECKS!$A$2:$A$1201,INDEX(_LEITURA!$P$2:$P$21,4),DECKS!$B$2:$B$1201,$A12)) | O12: =IF(OR($A12="",INDEX(_LEITURA!$Q$2:$Q$21,5)=0),"",SUMIFS(DECKS!$D$2:$D$1201,DECKS!$A$2:$A$1201,INDEX(_LEITURA!$P$2:$P$21,5),DECKS!$B$2:$B$1201,$A12)) | P12: =IF(OR($A12="",INDEX(_LEITURA!$Q$2:$Q$21,6)=0),"",SUMIFS(DECKS!$D$2:$D$1201,DECKS!$A$2:$A$1201,INDEX(_LEITURA!$P$2:$P$21,6),DECKS!$B$2:$B$1201,$A12)) | Q12: =IF(OR($A12="",INDEX(_LEITURA!$Q$2:$Q$21,7)=0),"",SUMIFS(DECKS!$D$2:$D$1201,DECKS!$A$2:$A$1201,INDEX(_LEITURA!$P$2:$P$21,7),DECKS!$B$2:$B$1201,$A12)) | R12: =IF(OR($A12="",INDEX(_LEITURA!$Q$2:$Q$21,8)=0),"",SUMIFS(DECKS!$D$2:$D$1201,DECKS!$A$2:$A$1201,INDEX(_LEITURA!$P$2:$P$21,8),DECKS!$B$2:$B$1201,$A12)) | S12: =IF(OR($A12="",INDEX(_LEITURA!$Q$2:$Q$21,9)=0),"",SUMIFS(DECKS!$D$2:$D$1201,DECKS!$A$2:$A$1201,INDEX(_LEITURA!$P$2:$P$21,9),DECKS!$B$2:$B$1201,$A12)) | T12: =IF(OR($A12="",INDEX(_LEITURA!$Q$2:$Q$21,10)=0),"",SUMIFS(DECKS!$D$2:$D$1201,DECKS!$A$2:$A$1201,INDEX(_LEITURA!$P$2:$P$21,10),DECKS!$B$2:$B$1201,$A12)) | U12: =IF(OR($A12="",INDEX(_LEITURA!$Q$2:$Q$21,11)=0),"",SUMIFS(DECKS!$D$2:$D$1201,DECKS!$A$2:$A$1201,INDEX(_LEITURA!$P$2:$P$21,11),DECKS!$B$2:$B$1201,$A12)) | V12: =IF(OR($A12="",INDEX(_LEITURA!$Q$2:$Q$21,12)=0),"",SUMIFS(DECKS!$D$2:$D$1201,DECKS!$A$2:$A$1201,INDEX(_LEITURA!$P$2:$P$21,12),DECKS!$B$2:$B$1201,$A12)) | W12: =IF(OR($A12="",INDEX(_LEITURA!$Q$2:$Q$21,13)=0),"",SUMIFS(DECKS!$D$2:$D$1201,DECKS!$A$2:$A$1201,INDEX(_LEITURA!$P$2:$P$21,13),DECKS!$B$2:$B$1201,$A12)) | X12: =IF(OR($A12="",INDEX(_LEITURA!$Q$2:$Q$21,14)=0),"",SUMIFS(DECKS!$D$2:$D$1201,DECKS!$A$2:$A$1201,INDEX(_LEITURA!$P$2:$P$21,14),DECKS!$B$2:$B$1201,$A12)) | Y12: =IF(OR($A12="",INDEX(_LEITURA!$Q$2:$Q$21,15)=0),"",SUMIFS(DECKS!$D$2:$D$1201,DECKS!$A$2:$A$1201,INDEX(_LEITURA!$P$2:$P$21,15),DECKS!$B$2:$B$1201,$A12)) | Z12: =IF(OR($A12="",INDEX(_LEITURA!$Q$2:$Q$21,16)=0),"",SUMIFS(DECKS!$D$2:$D$1201,DECKS!$A$2:$A$1201,INDEX(_LEITURA!$P$2:$P$21,16),DECKS!$B$2:$B$1201,$A12)) | AA12: =IF(OR($A12="",INDEX(_LEITURA!$Q$2:$Q$21,17)=0),"",SUMIFS(DECKS!$D$2:$D$1201,DECKS!$A$2:$A$1201,INDEX(_LEITURA!$P$2:$P$21,17),DECKS!$B$2:$B$1201,$A12)) | AB12: =IF(OR($A12="",INDEX(_LEITURA!$Q$2:$Q$21,18)=0),"",SUMIFS(DECKS!$D$2:$D$1201,DECKS!$A$2:$A$1201,INDEX(_LEITURA!$P$2:$P$21,18),DECKS!$B$2:$B$1201,$A12)) | AC12: =IF(OR($A12="",INDEX(_LEITURA!$Q$2:$Q$21,19)=0),"",SUMIFS(DECKS!$D$2:$D$1201,DECKS!$A$2:$A$1201,INDEX(_LEITURA!$P$2:$P$21,19),DECKS!$B$2:$B$1201,$A12)) | AD12: =IF(OR($A12="",INDEX(_LEITURA!$Q$2:$Q$21,20)=0),"",SUMIFS(DECKS!$D$2:$D$1201,DECKS!$A$2:$A$1201,INDEX(_LEITURA!$P$2:$P$21,20),DECKS!$B$2:$B$1201,$A12)) | AE12: =IF(N(E12)>0,MAX(AE$1:AE11)+1,"") | AF12: =IF(A12="","",IFERROR(LEFT(A12,FIND("-",A12)-1),A12)) | AG12: =IF(AF12="","",IF(ISNUMBER(--MID(AF12,1,1)),0,IF(ISNUMBER(--MID(AF12,2,1)),1,IF(ISNUMBER(--MID(AF12,3,1)),2,IF(ISNUMBER(--MID(AF12,4,1)),3,MIN(LEN(AF12),4)))))) | AH12: =IF(A12="","",LEFT(AF12,AG12)&REPT("0",4-AG12)&RIGHT("000"&IFERROR(VALUE(MID(AF12,AG12+1,9)),0),3)&RIGHT("0000"&IFERROR(VALUE(MID(A12,FIND("-",A12)+1,9)),0),4)) | AI12: =IF(OR(A12="",N(E12)<=0),"",IF('FALTAS GERAL'!$M$1="Código","K"&AH12&RIGHT("00000"&ROW(),5),IF('FALTAS GERAL'!$M$1="Nome","K"&UPPER(SUBSTITUTE(SUBSTITUTE(SUBSTITUTE(B12,"*",""),"?",""),"~",""))&"0"&AH12&RIGHT("00000"&ROW(),5),IF('FALTAS GERAL'!$M$1="Falta (maior primeiro)","K"&RIGHT("0000"&(9999-E12),4)&AH12&RIGHT("00000"&ROW(),5),IF('FALTAS GERAL'!$M$1="Nº de decks (maior primeiro)","K"&RIGHT("00"&(99-N(G12)),2)&AH12&RIGHT("00000"&ROW(),5),"K"&RIGHT("00000"&ROW(),5)))))) | AJ12: =IF(AI12="","",COUNTIFS($AI$2:$AI$801,"<"&AI12,$E$2:$E$801,">0")+1) | AK12: =IF(OR(A12="",N(E12)<=0),"",COUNTIFS($AH$2:$AH$801,"<"&AH12,$E$2:$E$801,">0")+COUNTIFS($AH$2:AH12,AH12,$E$2:E12,">0"))
A13: =IF(INVENTÁRIO!A13="","",INVENTÁRIO!A13) | B13: =IF(A13="","",INVENTÁRIO!B13) | C13: =IF(A13="","",INVENTÁRIO!C13) | D13: =IF(A13="","",MAX(K13:AD13)) | E13: =IF(A13="","",MAX(0,D13-C13)) | F13: =IF(A13="","",IF(D13=0,"Fora dos decks",IF(E13=0,"Completo","Falta"))) | G13: =IF(A13="","",COUNTIF(K13:AD13,">0")) | H13: =IF(A13="","",IF(G13>1,"Sim","")) | I13: =IF(A13="","",SUMIFS(DECKS!$D$2:$D$1201,DECKS!$B$2:$B$1201,A13)) | J13: =IF(A13="","",MAX(0,I13-C13)) | K13: =IF(OR($A13="",INDEX(_LEITURA!$Q$2:$Q$21,1)=0),"",SUMIFS(DECKS!$D$2:$D$1201,DECKS!$A$2:$A$1201,INDEX(_LEITURA!$P$2:$P$21,1),DECKS!$B$2:$B$1201,$A13)) | L13: =IF(OR($A13="",INDEX(_LEITURA!$Q$2:$Q$21,2)=0),"",SUMIFS(DECKS!$D$2:$D$1201,DECKS!$A$2:$A$1201,INDEX(_LEITURA!$P$2:$P$21,2),DECKS!$B$2:$B$1201,$A13)) | M13: =IF(OR($A13="",INDEX(_LEITURA!$Q$2:$Q$21,3)=0),"",SUMIFS(DECKS!$D$2:$D$1201,DECKS!$A$2:$A$1201,INDEX(_LEITURA!$P$2:$P$21,3),DECKS!$B$2:$B$1201,$A13)) | N13: =IF(OR($A13="",INDEX(_LEITURA!$Q$2:$Q$21,4)=0),"",SUMIFS(DECKS!$D$2:$D$1201,DECKS!$A$2:$A$1201,INDEX(_LEITURA!$P$2:$P$21,4),DECKS!$B$2:$B$1201,$A13)) | O13: =IF(OR($A13="",INDEX(_LEITURA!$Q$2:$Q$21,5)=0),"",SUMIFS(DECKS!$D$2:$D$1201,DECKS!$A$2:$A$1201,INDEX(_LEITURA!$P$2:$P$21,5),DECKS!$B$2:$B$1201,$A13)) | P13: =IF(OR($A13="",INDEX(_LEITURA!$Q$2:$Q$21,6)=0),"",SUMIFS(DECKS!$D$2:$D$1201,DECKS!$A$2:$A$1201,INDEX(_LEITURA!$P$2:$P$21,6),DECKS!$B$2:$B$1201,$A13)) | Q13: =IF(OR($A13="",INDEX(_LEITURA!$Q$2:$Q$21,7)=0),"",SUMIFS(DECKS!$D$2:$D$1201,DECKS!$A$2:$A$1201,INDEX(_LEITURA!$P$2:$P$21,7),DECKS!$B$2:$B$1201,$A13)) | R13: =IF(OR($A13="",INDEX(_LEITURA!$Q$2:$Q$21,8)=0),"",SUMIFS(DECKS!$D$2:$D$1201,DECKS!$A$2:$A$1201,INDEX(_LEITURA!$P$2:$P$21,8),DECKS!$B$2:$B$1201,$A13)) | S13: =IF(OR($A13="",INDEX(_LEITURA!$Q$2:$Q$21,9)=0),"",SUMIFS(DECKS!$D$2:$D$1201,DECKS!$A$2:$A$1201,INDEX(_LEITURA!$P$2:$P$21,9),DECKS!$B$2:$B$1201,$A13)) | T13: =IF(OR($A13="",INDEX(_LEITURA!$Q$2:$Q$21,10)=0),"",SUMIFS(DECKS!$D$2:$D$1201,DECKS!$A$2:$A$1201,INDEX(_LEITURA!$P$2:$P$21,10),DECKS!$B$2:$B$1201,$A13)) | U13: =IF(OR($A13="",INDEX(_LEITURA!$Q$2:$Q$21,11)=0),"",SUMIFS(DECKS!$D$2:$D$1201,DECKS!$A$2:$A$1201,INDEX(_LEITURA!$P$2:$P$21,11),DECKS!$B$2:$B$1201,$A13)) | V13: =IF(OR($A13="",INDEX(_LEITURA!$Q$2:$Q$21,12)=0),"",SUMIFS(DECKS!$D$2:$D$1201,DECKS!$A$2:$A$1201,INDEX(_LEITURA!$P$2:$P$21,12),DECKS!$B$2:$B$1201,$A13)) | W13: =IF(OR($A13="",INDEX(_LEITURA!$Q$2:$Q$21,13)=0),"",SUMIFS(DECKS!$D$2:$D$1201,DECKS!$A$2:$A$1201,INDEX(_LEITURA!$P$2:$P$21,13),DECKS!$B$2:$B$1201,$A13)) | X13: =IF(OR($A13="",INDEX(_LEITURA!$Q$2:$Q$21,14)=0),"",SUMIFS(DECKS!$D$2:$D$1201,DECKS!$A$2:$A$1201,INDEX(_LEITURA!$P$2:$P$21,14),DECKS!$B$2:$B$1201,$A13)) | Y13: =IF(OR($A13="",INDEX(_LEITURA!$Q$2:$Q$21,15)=0),"",SUMIFS(DECKS!$D$2:$D$1201,DECKS!$A$2:$A$1201,INDEX(_LEITURA!$P$2:$P$21,15),DECKS!$B$2:$B$1201,$A13)) | Z13: =IF(OR($A13="",INDEX(_LEITURA!$Q$2:$Q$21,16)=0),"",SUMIFS(DECKS!$D$2:$D$1201,DECKS!$A$2:$A$1201,INDEX(_LEITURA!$P$2:$P$21,16),DECKS!$B$2:$B$1201,$A13)) | AA13: =IF(OR($A13="",INDEX(_LEITURA!$Q$2:$Q$21,17)=0),"",SUMIFS(DECKS!$D$2:$D$1201,DECKS!$A$2:$A$1201,INDEX(_LEITURA!$P$2:$P$21,17),DECKS!$B$2:$B$1201,$A13)) | AB13: =IF(OR($A13="",INDEX(_LEITURA!$Q$2:$Q$21,18)=0),"",SUMIFS(DECKS!$D$2:$D$1201,DECKS!$A$2:$A$1201,INDEX(_LEITURA!$P$2:$P$21,18),DECKS!$B$2:$B$1201,$A13)) | AC13: =IF(OR($A13="",INDEX(_LEITURA!$Q$2:$Q$21,19)=0),"",SUMIFS(DECKS!$D$2:$D$1201,DECKS!$A$2:$A$1201,INDEX(_LEITURA!$P$2:$P$21,19),DECKS!$B$2:$B$1201,$A13)) | AD13: =IF(OR($A13="",INDEX(_LEITURA!$Q$2:$Q$21,20)=0),"",SUMIFS(DECKS!$D$2:$D$1201,DECKS!$A$2:$A$1201,INDEX(_LEITURA!$P$2:$P$21,20),DECKS!$B$2:$B$1201,$A13)) | AE13: =IF(N(E13)>0,MAX(AE$1:AE12)+1,"") | AF13: =IF(A13="","",IFERROR(LEFT(A13,FIND("-",A13)-1),A13)) | AG13: =IF(AF13="","",IF(ISNUMBER(--MID(AF13,1,1)),0,IF(ISNUMBER(--MID(AF13,2,1)),1,IF(ISNUMBER(--MID(AF13,3,1)),2,IF(ISNUMBER(--MID(AF13,4,1)),3,MIN(LEN(AF13),4)))))) | AH13: =IF(A13="","",LEFT(AF13,AG13)&REPT("0",4-AG13)&RIGHT("000"&IFERROR(VALUE(MID(AF13,AG13+1,9)),0),3)&RIGHT("0000"&IFERROR(VALUE(MID(A13,FIND("-",A13)+1,9)),0),4)) | AI13: =IF(OR(A13="",N(E13)<=0),"",IF('FALTAS GERAL'!$M$1="Código","K"&AH13&RIGHT("00000"&ROW(),5),IF('FALTAS GERAL'!$M$1="Nome","K"&UPPER(SUBSTITUTE(SUBSTITUTE(SUBSTITUTE(B13,"*",""),"?",""),"~",""))&"0"&AH13&RIGHT("00000"&ROW(),5),IF('FALTAS GERAL'!$M$1="Falta (maior primeiro)","K"&RIGHT("0000"&(9999-E13),4)&AH13&RIGHT("00000"&ROW(),5),IF('FALTAS GERAL'!$M$1="Nº de decks (maior primeiro)","K"&RIGHT("00"&(99-N(G13)),2)&AH13&RIGHT("00000"&ROW(),5),"K"&RIGHT("00000"&ROW(),5)))))) | AJ13: =IF(AI13="","",COUNTIFS($AI$2:$AI$801,"<"&AI13,$E$2:$E$801,">0")+1) | AK13: =IF(OR(A13="",N(E13)<=0),"",COUNTIFS($AH$2:$AH$801,"<"&AH13,$E$2:$E$801,">0")+COUNTIFS($AH$2:AH13,AH13,$E$2:E13,">0"))
A14: =IF(INVENTÁRIO!A14="","",INVENTÁRIO!A14) | B14: =IF(A14="","",INVENTÁRIO!B14) | C14: =IF(A14="","",INVENTÁRIO!C14) | D14: =IF(A14="","",MAX(K14:AD14)) | E14: =IF(A14="","",MAX(0,D14-C14)) | F14: =IF(A14="","",IF(D14=0,"Fora dos decks",IF(E14=0,"Completo","Falta"))) | G14: =IF(A14="","",COUNTIF(K14:AD14,">0")) | H14: =IF(A14="","",IF(G14>1,"Sim","")) | I14: =IF(A14="","",SUMIFS(DECKS!$D$2:$D$1201,DECKS!$B$2:$B$1201,A14)) | J14: =IF(A14="","",MAX(0,I14-C14)) | K14: =IF(OR($A14="",INDEX(_LEITURA!$Q$2:$Q$21,1)=0),"",SUMIFS(DECKS!$D$2:$D$1201,DECKS!$A$2:$A$1201,INDEX(_LEITURA!$P$2:$P$21,1),DECKS!$B$2:$B$1201,$A14)) | L14: =IF(OR($A14="",INDEX(_LEITURA!$Q$2:$Q$21,2)=0),"",SUMIFS(DECKS!$D$2:$D$1201,DECKS!$A$2:$A$1201,INDEX(_LEITURA!$P$2:$P$21,2),DECKS!$B$2:$B$1201,$A14)) | M14: =IF(OR($A14="",INDEX(_LEITURA!$Q$2:$Q$21,3)=0),"",SUMIFS(DECKS!$D$2:$D$1201,DECKS!$A$2:$A$1201,INDEX(_LEITURA!$P$2:$P$21,3),DECKS!$B$2:$B$1201,$A14)) | N14: =IF(OR($A14="",INDEX(_LEITURA!$Q$2:$Q$21,4)=0),"",SUMIFS(DECKS!$D$2:$D$1201,DECKS!$A$2:$A$1201,INDEX(_LEITURA!$P$2:$P$21,4),DECKS!$B$2:$B$1201,$A14)) | O14: =IF(OR($A14="",INDEX(_LEITURA!$Q$2:$Q$21,5)=0),"",SUMIFS(DECKS!$D$2:$D$1201,DECKS!$A$2:$A$1201,INDEX(_LEITURA!$P$2:$P$21,5),DECKS!$B$2:$B$1201,$A14)) | P14: =IF(OR($A14="",INDEX(_LEITURA!$Q$2:$Q$21,6)=0),"",SUMIFS(DECKS!$D$2:$D$1201,DECKS!$A$2:$A$1201,INDEX(_LEITURA!$P$2:$P$21,6),DECKS!$B$2:$B$1201,$A14)) | Q14: =IF(OR($A14="",INDEX(_LEITURA!$Q$2:$Q$21,7)=0),"",SUMIFS(DECKS!$D$2:$D$1201,DECKS!$A$2:$A$1201,INDEX(_LEITURA!$P$2:$P$21,7),DECKS!$B$2:$B$1201,$A14)) | R14: =IF(OR($A14="",INDEX(_LEITURA!$Q$2:$Q$21,8)=0),"",SUMIFS(DECKS!$D$2:$D$1201,DECKS!$A$2:$A$1201,INDEX(_LEITURA!$P$2:$P$21,8),DECKS!$B$2:$B$1201,$A14)) | S14: =IF(OR($A14="",INDEX(_LEITURA!$Q$2:$Q$21,9)=0),"",SUMIFS(DECKS!$D$2:$D$1201,DECKS!$A$2:$A$1201,INDEX(_LEITURA!$P$2:$P$21,9),DECKS!$B$2:$B$1201,$A14)) | T14: =IF(OR($A14="",INDEX(_LEITURA!$Q$2:$Q$21,10)=0),"",SUMIFS(DECKS!$D$2:$D$1201,DECKS!$A$2:$A$1201,INDEX(_LEITURA!$P$2:$P$21,10),DECKS!$B$2:$B$1201,$A14)) | U14: =IF(OR($A14="",INDEX(_LEITURA!$Q$2:$Q$21,11)=0),"",SUMIFS(DECKS!$D$2:$D$1201,DECKS!$A$2:$A$1201,INDEX(_LEITURA!$P$2:$P$21,11),DECKS!$B$2:$B$1201,$A14)) | V14: =IF(OR($A14="",INDEX(_LEITURA!$Q$2:$Q$21,12)=0),"",SUMIFS(DECKS!$D$2:$D$1201,DECKS!$A$2:$A$1201,INDEX(_LEITURA!$P$2:$P$21,12),DECKS!$B$2:$B$1201,$A14)) | W14: =IF(OR($A14="",INDEX(_LEITURA!$Q$2:$Q$21,13)=0),"",SUMIFS(DECKS!$D$2:$D$1201,DECKS!$A$2:$A$1201,INDEX(_LEITURA!$P$2:$P$21,13),DECKS!$B$2:$B$1201,$A14)) | X14: =IF(OR($A14="",INDEX(_LEITURA!$Q$2:$Q$21,14)=0),"",SUMIFS(DECKS!$D$2:$D$1201,DECKS!$A$2:$A$1201,INDEX(_LEITURA!$P$2:$P$21,14),DECKS!$B$2:$B$1201,$A14)) | Y14: =IF(OR($A14="",INDEX(_LEITURA!$Q$2:$Q$21,15)=0),"",SUMIFS(DECKS!$D$2:$D$1201,DECKS!$A$2:$A$1201,INDEX(_LEITURA!$P$2:$P$21,15),DECKS!$B$2:$B$1201,$A14)) | Z14: =IF(OR($A14="",INDEX(_LEITURA!$Q$2:$Q$21,16)=0),"",SUMIFS(DECKS!$D$2:$D$1201,DECKS!$A$2:$A$1201,INDEX(_LEITURA!$P$2:$P$21,16),DECKS!$B$2:$B$1201,$A14)) | AA14: =IF(OR($A14="",INDEX(_LEITURA!$Q$2:$Q$21,17)=0),"",SUMIFS(DECKS!$D$2:$D$1201,DECKS!$A$2:$A$1201,INDEX(_LEITURA!$P$2:$P$21,17),DECKS!$B$2:$B$1201,$A14)) | AB14: =IF(OR($A14="",INDEX(_LEITURA!$Q$2:$Q$21,18)=0),"",SUMIFS(DECKS!$D$2:$D$1201,DECKS!$A$2:$A$1201,INDEX(_LEITURA!$P$2:$P$21,18),DECKS!$B$2:$B$1201,$A14)) | AC14: =IF(OR($A14="",INDEX(_LEITURA!$Q$2:$Q$21,19)=0),"",SUMIFS(DECKS!$D$2:$D$1201,DECKS!$A$2:$A$1201,INDEX(_LEITURA!$P$2:$P$21,19),DECKS!$B$2:$B$1201,$A14)) | AD14: =IF(OR($A14="",INDEX(_LEITURA!$Q$2:$Q$21,20)=0),"",SUMIFS(DECKS!$D$2:$D$1201,DECKS!$A$2:$A$1201,INDEX(_LEITURA!$P$2:$P$21,20),DECKS!$B$2:$B$1201,$A14)) | AE14: =IF(N(E14)>0,MAX(AE$1:AE13)+1,"") | AF14: =IF(A14="","",IFERROR(LEFT(A14,FIND("-",A14)-1),A14)) | AG14: =IF(AF14="","",IF(ISNUMBER(--MID(AF14,1,1)),0,IF(ISNUMBER(--MID(AF14,2,1)),1,IF(ISNUMBER(--MID(AF14,3,1)),2,IF(ISNUMBER(--MID(AF14,4,1)),3,MIN(LEN(AF14),4)))))) | AH14: =IF(A14="","",LEFT(AF14,AG14)&REPT("0",4-AG14)&RIGHT("000"&IFERROR(VALUE(MID(AF14,AG14+1,9)),0),3)&RIGHT("0000"&IFERROR(VALUE(MID(A14,FIND("-",A14)+1,9)),0),4)) | AI14: =IF(OR(A14="",N(E14)<=0),"",IF('FALTAS GERAL'!$M$1="Código","K"&AH14&RIGHT("00000"&ROW(),5),IF('FALTAS GERAL'!$M$1="Nome","K"&UPPER(SUBSTITUTE(SUBSTITUTE(SUBSTITUTE(B14,"*",""),"?",""),"~",""))&"0"&AH14&RIGHT("00000"&ROW(),5),IF('FALTAS GERAL'!$M$1="Falta (maior primeiro)","K"&RIGHT("0000"&(9999-E14),4)&AH14&RIGHT("00000"&ROW(),5),IF('FALTAS GERAL'!$M$1="Nº de decks (maior primeiro)","K"&RIGHT("00"&(99-N(G14)),2)&AH14&RIGHT("00000"&ROW(),5),"K"&RIGHT("00000"&ROW(),5)))))) | AJ14: =IF(AI14="","",COUNTIFS($AI$2:$AI$801,"<"&AI14,$E$2:$E$801,">0")+1) | AK14: =IF(OR(A14="",N(E14)<=0),"",COUNTIFS($AH$2:$AH$801,"<"&AH14,$E$2:$E$801,">0")+COUNTIFS($AH$2:AH14,AH14,$E$2:E14,">0"))
A15: =IF(INVENTÁRIO!A15="","",INVENTÁRIO!A15) | B15: =IF(A15="","",INVENTÁRIO!B15) | C15: =IF(A15="","",INVENTÁRIO!C15) | D15: =IF(A15="","",MAX(K15:AD15)) | E15: =IF(A15="","",MAX(0,D15-C15)) | F15: =IF(A15="","",IF(D15=0,"Fora dos decks",IF(E15=0,"Completo","Falta"))) | G15: =IF(A15="","",COUNTIF(K15:AD15,">0")) | H15: =IF(A15="","",IF(G15>1,"Sim","")) | I15: =IF(A15="","",SUMIFS(DECKS!$D$2:$D$1201,DECKS!$B$2:$B$1201,A15)) | J15: =IF(A15="","",MAX(0,I15-C15)) | K15: =IF(OR($A15="",INDEX(_LEITURA!$Q$2:$Q$21,1)=0),"",SUMIFS(DECKS!$D$2:$D$1201,DECKS!$A$2:$A$1201,INDEX(_LEITURA!$P$2:$P$21,1),DECKS!$B$2:$B$1201,$A15)) | L15: =IF(OR($A15="",INDEX(_LEITURA!$Q$2:$Q$21,2)=0),"",SUMIFS(DECKS!$D$2:$D$1201,DECKS!$A$2:$A$1201,INDEX(_LEITURA!$P$2:$P$21,2),DECKS!$B$2:$B$1201,$A15)) | M15: =IF(OR($A15="",INDEX(_LEITURA!$Q$2:$Q$21,3)=0),"",SUMIFS(DECKS!$D$2:$D$1201,DECKS!$A$2:$A$1201,INDEX(_LEITURA!$P$2:$P$21,3),DECKS!$B$2:$B$1201,$A15)) | N15: =IF(OR($A15="",INDEX(_LEITURA!$Q$2:$Q$21,4)=0),"",SUMIFS(DECKS!$D$2:$D$1201,DECKS!$A$2:$A$1201,INDEX(_LEITURA!$P$2:$P$21,4),DECKS!$B$2:$B$1201,$A15)) | O15: =IF(OR($A15="",INDEX(_LEITURA!$Q$2:$Q$21,5)=0),"",SUMIFS(DECKS!$D$2:$D$1201,DECKS!$A$2:$A$1201,INDEX(_LEITURA!$P$2:$P$21,5),DECKS!$B$2:$B$1201,$A15)) | P15: =IF(OR($A15="",INDEX(_LEITURA!$Q$2:$Q$21,6)=0),"",SUMIFS(DECKS!$D$2:$D$1201,DECKS!$A$2:$A$1201,INDEX(_LEITURA!$P$2:$P$21,6),DECKS!$B$2:$B$1201,$A15)) | Q15: =IF(OR($A15="",INDEX(_LEITURA!$Q$2:$Q$21,7)=0),"",SUMIFS(DECKS!$D$2:$D$1201,DECKS!$A$2:$A$1201,INDEX(_LEITURA!$P$2:$P$21,7),DECKS!$B$2:$B$1201,$A15)) | R15: =IF(OR($A15="",INDEX(_LEITURA!$Q$2:$Q$21,8)=0),"",SUMIFS(DECKS!$D$2:$D$1201,DECKS!$A$2:$A$1201,INDEX(_LEITURA!$P$2:$P$21,8),DECKS!$B$2:$B$1201,$A15)) | S15: =IF(OR($A15="",INDEX(_LEITURA!$Q$2:$Q$21,9)=0),"",SUMIFS(DECKS!$D$2:$D$1201,DECKS!$A$2:$A$1201,INDEX(_LEITURA!$P$2:$P$21,9),DECKS!$B$2:$B$1201,$A15)) | T15: =IF(OR($A15="",INDEX(_LEITURA!$Q$2:$Q$21,10)=0),"",SUMIFS(DECKS!$D$2:$D$1201,DECKS!$A$2:$A$1201,INDEX(_LEITURA!$P$2:$P$21,10),DECKS!$B$2:$B$1201,$A15)) | U15: =IF(OR($A15="",INDEX(_LEITURA!$Q$2:$Q$21,11)=0),"",SUMIFS(DECKS!$D$2:$D$1201,DECKS!$A$2:$A$1201,INDEX(_LEITURA!$P$2:$P$21,11),DECKS!$B$2:$B$1201,$A15)) | V15: =IF(OR($A15="",INDEX(_LEITURA!$Q$2:$Q$21,12)=0),"",SUMIFS(DECKS!$D$2:$D$1201,DECKS!$A$2:$A$1201,INDEX(_LEITURA!$P$2:$P$21,12),DECKS!$B$2:$B$1201,$A15)) | W15: =IF(OR($A15="",INDEX(_LEITURA!$Q$2:$Q$21,13)=0),"",SUMIFS(DECKS!$D$2:$D$1201,DECKS!$A$2:$A$1201,INDEX(_LEITURA!$P$2:$P$21,13),DECKS!$B$2:$B$1201,$A15)) | X15: =IF(OR($A15="",INDEX(_LEITURA!$Q$2:$Q$21,14)=0),"",SUMIFS(DECKS!$D$2:$D$1201,DECKS!$A$2:$A$1201,INDEX(_LEITURA!$P$2:$P$21,14),DECKS!$B$2:$B$1201,$A15)) | Y15: =IF(OR($A15="",INDEX(_LEITURA!$Q$2:$Q$21,15)=0),"",SUMIFS(DECKS!$D$2:$D$1201,DECKS!$A$2:$A$1201,INDEX(_LEITURA!$P$2:$P$21,15),DECKS!$B$2:$B$1201,$A15)) | Z15: =IF(OR($A15="",INDEX(_LEITURA!$Q$2:$Q$21,16)=0),"",SUMIFS(DECKS!$D$2:$D$1201,DECKS!$A$2:$A$1201,INDEX(_LEITURA!$P$2:$P$21,16),DECKS!$B$2:$B$1201,$A15)) | AA15: =IF(OR($A15="",INDEX(_LEITURA!$Q$2:$Q$21,17)=0),"",SUMIFS(DECKS!$D$2:$D$1201,DECKS!$A$2:$A$1201,INDEX(_LEITURA!$P$2:$P$21,17),DECKS!$B$2:$B$1201,$A15)) | AB15: =IF(OR($A15="",INDEX(_LEITURA!$Q$2:$Q$21,18)=0),"",SUMIFS(DECKS!$D$2:$D$1201,DECKS!$A$2:$A$1201,INDEX(_LEITURA!$P$2:$P$21,18),DECKS!$B$2:$B$1201,$A15)) | AC15: =IF(OR($A15="",INDEX(_LEITURA!$Q$2:$Q$21,19)=0),"",SUMIFS(DECKS!$D$2:$D$1201,DECKS!$A$2:$A$1201,INDEX(_LEITURA!$P$2:$P$21,19),DECKS!$B$2:$B$1201,$A15)) | AD15: =IF(OR($A15="",INDEX(_LEITURA!$Q$2:$Q$21,20)=0),"",SUMIFS(DECKS!$D$2:$D$1201,DECKS!$A$2:$A$1201,INDEX(_LEITURA!$P$2:$P$21,20),DECKS!$B$2:$B$1201,$A15)) | AE15: =IF(N(E15)>0,MAX(AE$1:AE14)+1,"") | AF15: =IF(A15="","",IFERROR(LEFT(A15,FIND("-",A15)-1),A15)) | AG15: =IF(AF15="","",IF(ISNUMBER(--MID(AF15,1,1)),0,IF(ISNUMBER(--MID(AF15,2,1)),1,IF(ISNUMBER(--MID(AF15,3,1)),2,IF(ISNUMBER(--MID(AF15,4,1)),3,MIN(LEN(AF15),4)))))) | AH15: =IF(A15="","",LEFT(AF15,AG15)&REPT("0",4-AG15)&RIGHT("000"&IFERROR(VALUE(MID(AF15,AG15+1,9)),0),3)&RIGHT("0000"&IFERROR(VALUE(MID(A15,FIND("-",A15)+1,9)),0),4)) | AI15: =IF(OR(A15="",N(E15)<=0),"",IF('FALTAS GERAL'!$M$1="Código","K"&AH15&RIGHT("00000"&ROW(),5),IF('FALTAS GERAL'!$M$1="Nome","K"&UPPER(SUBSTITUTE(SUBSTITUTE(SUBSTITUTE(B15,"*",""),"?",""),"~",""))&"0"&AH15&RIGHT("00000"&ROW(),5),IF('FALTAS GERAL'!$M$1="Falta (maior primeiro)","K"&RIGHT("0000"&(9999-E15),4)&AH15&RIGHT("00000"&ROW(),5),IF('FALTAS GERAL'!$M$1="Nº de decks (maior primeiro)","K"&RIGHT("00"&(99-N(G15)),2)&AH15&RIGHT("00000"&ROW(),5),"K"&RIGHT("00000"&ROW(),5)))))) | AJ15: =IF(AI15="","",COUNTIFS($AI$2:$AI$801,"<"&AI15,$E$2:$E$801,">0")+1) | AK15: =IF(OR(A15="",N(E15)<=0),"",COUNTIFS($AH$2:$AH$801,"<"&AH15,$E$2:$E$801,">0")+COUNTIFS($AH$2:AH15,AH15,$E$2:E15,">0"))
A16: =IF(INVENTÁRIO!A16="","",INVENTÁRIO!A16) | B16: =IF(A16="","",INVENTÁRIO!B16) | C16: =IF(A16="","",INVENTÁRIO!C16) | D16: =IF(A16="","",MAX(K16:AD16)) | E16: =IF(A16="","",MAX(0,D16-C16)) | F16: =IF(A16="","",IF(D16=0,"Fora dos decks",IF(E16=0,"Completo","Falta"))) | G16: =IF(A16="","",COUNTIF(K16:AD16,">0")) | H16: =IF(A16="","",IF(G16>1,"Sim","")) | I16: =IF(A16="","",SUMIFS(DECKS!$D$2:$D$1201,DECKS!$B$2:$B$1201,A16)) | J16: =IF(A16="","",MAX(0,I16-C16)) | K16: =IF(OR($A16="",INDEX(_LEITURA!$Q$2:$Q$21,1)=0),"",SUMIFS(DECKS!$D$2:$D$1201,DECKS!$A$2:$A$1201,INDEX(_LEITURA!$P$2:$P$21,1),DECKS!$B$2:$B$1201,$A16)) | L16: =IF(OR($A16="",INDEX(_LEITURA!$Q$2:$Q$21,2)=0),"",SUMIFS(DECKS!$D$2:$D$1201,DECKS!$A$2:$A$1201,INDEX(_LEITURA!$P$2:$P$21,2),DECKS!$B$2:$B$1201,$A16)) | M16: =IF(OR($A16="",INDEX(_LEITURA!$Q$2:$Q$21,3)=0),"",SUMIFS(DECKS!$D$2:$D$1201,DECKS!$A$2:$A$1201,INDEX(_LEITURA!$P$2:$P$21,3),DECKS!$B$2:$B$1201,$A16)) | N16: =IF(OR($A16="",INDEX(_LEITURA!$Q$2:$Q$21,4)=0),"",SUMIFS(DECKS!$D$2:$D$1201,DECKS!$A$2:$A$1201,INDEX(_LEITURA!$P$2:$P$21,4),DECKS!$B$2:$B$1201,$A16)) | O16: =IF(OR($A16="",INDEX(_LEITURA!$Q$2:$Q$21,5)=0),"",SUMIFS(DECKS!$D$2:$D$1201,DECKS!$A$2:$A$1201,INDEX(_LEITURA!$P$2:$P$21,5),DECKS!$B$2:$B$1201,$A16)) | P16: =IF(OR($A16="",INDEX(_LEITURA!$Q$2:$Q$21,6)=0),"",SUMIFS(DECKS!$D$2:$D$1201,DECKS!$A$2:$A$1201,INDEX(_LEITURA!$P$2:$P$21,6),DECKS!$B$2:$B$1201,$A16)) | Q16: =IF(OR($A16="",INDEX(_LEITURA!$Q$2:$Q$21,7)=0),"",SUMIFS(DECKS!$D$2:$D$1201,DECKS!$A$2:$A$1201,INDEX(_LEITURA!$P$2:$P$21,7),DECKS!$B$2:$B$1201,$A16)) | R16: =IF(OR($A16="",INDEX(_LEITURA!$Q$2:$Q$21,8)=0),"",SUMIFS(DECKS!$D$2:$D$1201,DECKS!$A$2:$A$1201,INDEX(_LEITURA!$P$2:$P$21,8),DECKS!$B$2:$B$1201,$A16)) | S16: =IF(OR($A16="",INDEX(_LEITURA!$Q$2:$Q$21,9)=0),"",SUMIFS(DECKS!$D$2:$D$1201,DECKS!$A$2:$A$1201,INDEX(_LEITURA!$P$2:$P$21,9),DECKS!$B$2:$B$1201,$A16)) | T16: =IF(OR($A16="",INDEX(_LEITURA!$Q$2:$Q$21,10)=0),"",SUMIFS(DECKS!$D$2:$D$1201,DECKS!$A$2:$A$1201,INDEX(_LEITURA!$P$2:$P$21,10),DECKS!$B$2:$B$1201,$A16)) | U16: =IF(OR($A16="",INDEX(_LEITURA!$Q$2:$Q$21,11)=0),"",SUMIFS(DECKS!$D$2:$D$1201,DECKS!$A$2:$A$1201,INDEX(_LEITURA!$P$2:$P$21,11),DECKS!$B$2:$B$1201,$A16)) | V16: =IF(OR($A16="",INDEX(_LEITURA!$Q$2:$Q$21,12)=0),"",SUMIFS(DECKS!$D$2:$D$1201,DECKS!$A$2:$A$1201,INDEX(_LEITURA!$P$2:$P$21,12),DECKS!$B$2:$B$1201,$A16)) | W16: =IF(OR($A16="",INDEX(_LEITURA!$Q$2:$Q$21,13)=0),"",SUMIFS(DECKS!$D$2:$D$1201,DECKS!$A$2:$A$1201,INDEX(_LEITURA!$P$2:$P$21,13),DECKS!$B$2:$B$1201,$A16)) | X16: =IF(OR($A16="",INDEX(_LEITURA!$Q$2:$Q$21,14)=0),"",SUMIFS(DECKS!$D$2:$D$1201,DECKS!$A$2:$A$1201,INDEX(_LEITURA!$P$2:$P$21,14),DECKS!$B$2:$B$1201,$A16)) | Y16: =IF(OR($A16="",INDEX(_LEITURA!$Q$2:$Q$21,15)=0),"",SUMIFS(DECKS!$D$2:$D$1201,DECKS!$A$2:$A$1201,INDEX(_LEITURA!$P$2:$P$21,15),DECKS!$B$2:$B$1201,$A16)) | Z16: =IF(OR($A16="",INDEX(_LEITURA!$Q$2:$Q$21,16)=0),"",SUMIFS(DECKS!$D$2:$D$1201,DECKS!$A$2:$A$1201,INDEX(_LEITURA!$P$2:$P$21,16),DECKS!$B$2:$B$1201,$A16)) | AA16: =IF(OR($A16="",INDEX(_LEITURA!$Q$2:$Q$21,17)=0),"",SUMIFS(DECKS!$D$2:$D$1201,DECKS!$A$2:$A$1201,INDEX(_LEITURA!$P$2:$P$21,17),DECKS!$B$2:$B$1201,$A16)) | AB16: =IF(OR($A16="",INDEX(_LEITURA!$Q$2:$Q$21,18)=0),"",SUMIFS(DECKS!$D$2:$D$1201,DECKS!$A$2:$A$1201,INDEX(_LEITURA!$P$2:$P$21,18),DECKS!$B$2:$B$1201,$A16)) | AC16: =IF(OR($A16="",INDEX(_LEITURA!$Q$2:$Q$21,19)=0),"",SUMIFS(DECKS!$D$2:$D$1201,DECKS!$A$2:$A$1201,INDEX(_LEITURA!$P$2:$P$21,19),DECKS!$B$2:$B$1201,$A16)) | AD16: =IF(OR($A16="",INDEX(_LEITURA!$Q$2:$Q$21,20)=0),"",SUMIFS(DECKS!$D$2:$D$1201,DECKS!$A$2:$A$1201,INDEX(_LEITURA!$P$2:$P$21,20),DECKS!$B$2:$B$1201,$A16)) | AE16: =IF(N(E16)>0,MAX(AE$1:AE15)+1,"") | AF16: =IF(A16="","",IFERROR(LEFT(A16,FIND("-",A16)-1),A16)) | AG16: =IF(AF16="","",IF(ISNUMBER(--MID(AF16,1,1)),0,IF(ISNUMBER(--MID(AF16,2,1)),1,IF(ISNUMBER(--MID(AF16,3,1)),2,IF(ISNUMBER(--MID(AF16,4,1)),3,MIN(LEN(AF16),4)))))) | AH16: =IF(A16="","",LEFT(AF16,AG16)&REPT("0",4-AG16)&RIGHT("000"&IFERROR(VALUE(MID(AF16,AG16+1,9)),0),3)&RIGHT("0000"&IFERROR(VALUE(MID(A16,FIND("-",A16)+1,9)),0),4)) | AI16: =IF(OR(A16="",N(E16)<=0),"",IF('FALTAS GERAL'!$M$1="Código","K"&AH16&RIGHT("00000"&ROW(),5),IF('FALTAS GERAL'!$M$1="Nome","K"&UPPER(SUBSTITUTE(SUBSTITUTE(SUBSTITUTE(B16,"*",""),"?",""),"~",""))&"0"&AH16&RIGHT("00000"&ROW(),5),IF('FALTAS GERAL'!$M$1="Falta (maior primeiro)","K"&RIGHT("0000"&(9999-E16),4)&AH16&RIGHT("00000"&ROW(),5),IF('FALTAS GERAL'!$M$1="Nº de decks (maior primeiro)","K"&RIGHT("00"&(99-N(G16)),2)&AH16&RIGHT("00000"&ROW(),5),"K"&RIGHT("00000"&ROW(),5)))))) | AJ16: =IF(AI16="","",COUNTIFS($AI$2:$AI$801,"<"&AI16,$E$2:$E$801,">0")+1) | AK16: =IF(OR(A16="",N(E16)<=0),"",COUNTIFS($AH$2:$AH$801,"<"&AH16,$E$2:$E$801,">0")+COUNTIFS($AH$2:AH16,AH16,$E$2:E16,">0"))
A17: =IF(INVENTÁRIO!A17="","",INVENTÁRIO!A17) | B17: =IF(A17="","",INVENTÁRIO!B17) | C17: =IF(A17="","",INVENTÁRIO!C17) | D17: =IF(A17="","",MAX(K17:AD17)) | E17: =IF(A17="","",MAX(0,D17-C17)) | F17: =IF(A17="","",IF(D17=0,"Fora dos decks",IF(E17=0,"Completo","Falta"))) | G17: =IF(A17="","",COUNTIF(K17:AD17,">0")) | H17: =IF(A17="","",IF(G17>1,"Sim","")) | I17: =IF(A17="","",SUMIFS(DECKS!$D$2:$D$1201,DECKS!$B$2:$B$1201,A17)) | J17: =IF(A17="","",MAX(0,I17-C17)) | K17: =IF(OR($A17="",INDEX(_LEITURA!$Q$2:$Q$21,1)=0),"",SUMIFS(DECKS!$D$2:$D$1201,DECKS!$A$2:$A$1201,INDEX(_LEITURA!$P$2:$P$21,1),DECKS!$B$2:$B$1201,$A17)) | L17: =IF(OR($A17="",INDEX(_LEITURA!$Q$2:$Q$21,2)=0),"",SUMIFS(DECKS!$D$2:$D$1201,DECKS!$A$2:$A$1201,INDEX(_LEITURA!$P$2:$P$21,2),DECKS!$B$2:$B$1201,$A17)) | M17: =IF(OR($A17="",INDEX(_LEITURA!$Q$2:$Q$21,3)=0),"",SUMIFS(DECKS!$D$2:$D$1201,DECKS!$A$2:$A$1201,INDEX(_LEITURA!$P$2:$P$21,3),DECKS!$B$2:$B$1201,$A17)) | N17: =IF(OR($A17="",INDEX(_LEITURA!$Q$2:$Q$21,4)=0),"",SUMIFS(DECKS!$D$2:$D$1201,DECKS!$A$2:$A$1201,INDEX(_LEITURA!$P$2:$P$21,4),DECKS!$B$2:$B$1201,$A17)) | O17: =IF(OR($A17="",INDEX(_LEITURA!$Q$2:$Q$21,5)=0),"",SUMIFS(DECKS!$D$2:$D$1201,DECKS!$A$2:$A$1201,INDEX(_LEITURA!$P$2:$P$21,5),DECKS!$B$2:$B$1201,$A17)) | P17: =IF(OR($A17="",INDEX(_LEITURA!$Q$2:$Q$21,6)=0),"",SUMIFS(DECKS!$D$2:$D$1201,DECKS!$A$2:$A$1201,INDEX(_LEITURA!$P$2:$P$21,6),DECKS!$B$2:$B$1201,$A17)) | Q17: =IF(OR($A17="",INDEX(_LEITURA!$Q$2:$Q$21,7)=0),"",SUMIFS(DECKS!$D$2:$D$1201,DECKS!$A$2:$A$1201,INDEX(_LEITURA!$P$2:$P$21,7),DECKS!$B$2:$B$1201,$A17)) | R17: =IF(OR($A17="",INDEX(_LEITURA!$Q$2:$Q$21,8)=0),"",SUMIFS(DECKS!$D$2:$D$1201,DECKS!$A$2:$A$1201,INDEX(_LEITURA!$P$2:$P$21,8),DECKS!$B$2:$B$1201,$A17)) | S17: =IF(OR($A17="",INDEX(_LEITURA!$Q$2:$Q$21,9)=0),"",SUMIFS(DECKS!$D$2:$D$1201,DECKS!$A$2:$A$1201,INDEX(_LEITURA!$P$2:$P$21,9),DECKS!$B$2:$B$1201,$A17)) | T17: =IF(OR($A17="",INDEX(_LEITURA!$Q$2:$Q$21,10)=0),"",SUMIFS(DECKS!$D$2:$D$1201,DECKS!$A$2:$A$1201,INDEX(_LEITURA!$P$2:$P$21,10),DECKS!$B$2:$B$1201,$A17)) | U17: =IF(OR($A17="",INDEX(_LEITURA!$Q$2:$Q$21,11)=0),"",SUMIFS(DECKS!$D$2:$D$1201,DECKS!$A$2:$A$1201,INDEX(_LEITURA!$P$2:$P$21,11),DECKS!$B$2:$B$1201,$A17)) | V17: =IF(OR($A17="",INDEX(_LEITURA!$Q$2:$Q$21,12)=0),"",SUMIFS(DECKS!$D$2:$D$1201,DECKS!$A$2:$A$1201,INDEX(_LEITURA!$P$2:$P$21,12),DECKS!$B$2:$B$1201,$A17)) | W17: =IF(OR($A17="",INDEX(_LEITURA!$Q$2:$Q$21,13)=0),"",SUMIFS(DECKS!$D$2:$D$1201,DECKS!$A$2:$A$1201,INDEX(_LEITURA!$P$2:$P$21,13),DECKS!$B$2:$B$1201,$A17)) | X17: =IF(OR($A17="",INDEX(_LEITURA!$Q$2:$Q$21,14)=0),"",SUMIFS(DECKS!$D$2:$D$1201,DECKS!$A$2:$A$1201,INDEX(_LEITURA!$P$2:$P$21,14),DECKS!$B$2:$B$1201,$A17)) | Y17: =IF(OR($A17="",INDEX(_LEITURA!$Q$2:$Q$21,15)=0),"",SUMIFS(DECKS!$D$2:$D$1201,DECKS!$A$2:$A$1201,INDEX(_LEITURA!$P$2:$P$21,15),DECKS!$B$2:$B$1201,$A17)) | Z17: =IF(OR($A17="",INDEX(_LEITURA!$Q$2:$Q$21,16)=0),"",SUMIFS(DECKS!$D$2:$D$1201,DECKS!$A$2:$A$1201,INDEX(_LEITURA!$P$2:$P$21,16),DECKS!$B$2:$B$1201,$A17)) | AA17: =IF(OR($A17="",INDEX(_LEITURA!$Q$2:$Q$21,17)=0),"",SUMIFS(DECKS!$D$2:$D$1201,DECKS!$A$2:$A$1201,INDEX(_LEITURA!$P$2:$P$21,17),DECKS!$B$2:$B$1201,$A17)) | AB17: =IF(OR($A17="",INDEX(_LEITURA!$Q$2:$Q$21,18)=0),"",SUMIFS(DECKS!$D$2:$D$1201,DECKS!$A$2:$A$1201,INDEX(_LEITURA!$P$2:$P$21,18),DECKS!$B$2:$B$1201,$A17)) | AC17: =IF(OR($A17="",INDEX(_LEITURA!$Q$2:$Q$21,19)=0),"",SUMIFS(DECKS!$D$2:$D$1201,DECKS!$A$2:$A$1201,INDEX(_LEITURA!$P$2:$P$21,19),DECKS!$B$2:$B$1201,$A17)) | AD17: =IF(OR($A17="",INDEX(_LEITURA!$Q$2:$Q$21,20)=0),"",SUMIFS(DECKS!$D$2:$D$1201,DECKS!$A$2:$A$1201,INDEX(_LEITURA!$P$2:$P$21,20),DECKS!$B$2:$B$1201,$A17)) | AE17: =IF(N(E17)>0,MAX(AE$1:AE16)+1,"") | AF17: =IF(A17="","",IFERROR(LEFT(A17,FIND("-",A17)-1),A17)) | AG17: =IF(AF17="","",IF(ISNUMBER(--MID(AF17,1,1)),0,IF(ISNUMBER(--MID(AF17,2,1)),1,IF(ISNUMBER(--MID(AF17,3,1)),2,IF(ISNUMBER(--MID(AF17,4,1)),3,MIN(LEN(AF17),4)))))) | AH17: =IF(A17="","",LEFT(AF17,AG17)&REPT("0",4-AG17)&RIGHT("000"&IFERROR(VALUE(MID(AF17,AG17+1,9)),0),3)&RIGHT("0000"&IFERROR(VALUE(MID(A17,FIND("-",A17)+1,9)),0),4)) | AI17: =IF(OR(A17="",N(E17)<=0),"",IF('FALTAS GERAL'!$M$1="Código","K"&AH17&RIGHT("00000"&ROW(),5),IF('FALTAS GERAL'!$M$1="Nome","K"&UPPER(SUBSTITUTE(SUBSTITUTE(SUBSTITUTE(B17,"*",""),"?",""),"~",""))&"0"&AH17&RIGHT("00000"&ROW(),5),IF('FALTAS GERAL'!$M$1="Falta (maior primeiro)","K"&RIGHT("0000"&(9999-E17),4)&AH17&RIGHT("00000"&ROW(),5),IF('FALTAS GERAL'!$M$1="Nº de decks (maior primeiro)","K"&RIGHT("00"&(99-N(G17)),2)&AH17&RIGHT("00000"&ROW(),5),"K"&RIGHT("00000"&ROW(),5)))))) | AJ17: =IF(AI17="","",COUNTIFS($AI$2:$AI$801,"<"&AI17,$E$2:$E$801,">0")+1) | AK17: =IF(OR(A17="",N(E17)<=0),"",COUNTIFS($AH$2:$AH$801,"<"&AH17,$E$2:$E$801,">0")+COUNTIFS($AH$2:AH17,AH17,$E$2:E17,">0"))
A18: =IF(INVENTÁRIO!A18="","",INVENTÁRIO!A18) | B18: =IF(A18="","",INVENTÁRIO!B18) | C18: =IF(A18="","",INVENTÁRIO!C18) | D18: =IF(A18="","",MAX(K18:AD18)) | E18: =IF(A18="","",MAX(0,D18-C18)) | F18: =IF(A18="","",IF(D18=0,"Fora dos decks",IF(E18=0,"Completo","Falta"))) | G18: =IF(A18="","",COUNTIF(K18:AD18,">0")) | H18: =IF(A18="","",IF(G18>1,"Sim","")) | I18: =IF(A18="","",SUMIFS(DECKS!$D$2:$D$1201,DECKS!$B$2:$B$1201,A18)) | J18: =IF(A18="","",MAX(0,I18-C18)) | K18: =IF(OR($A18="",INDEX(_LEITURA!$Q$2:$Q$21,1)=0),"",SUMIFS(DECKS!$D$2:$D$1201,DECKS!$A$2:$A$1201,INDEX(_LEITURA!$P$2:$P$21,1),DECKS!$B$2:$B$1201,$A18)) | L18: =IF(OR($A18="",INDEX(_LEITURA!$Q$2:$Q$21,2)=0),"",SUMIFS(DECKS!$D$2:$D$1201,DECKS!$A$2:$A$1201,INDEX(_LEITURA!$P$2:$P$21,2),DECKS!$B$2:$B$1201,$A18)) | M18: =IF(OR($A18="",INDEX(_LEITURA!$Q$2:$Q$21,3)=0),"",SUMIFS(DECKS!$D$2:$D$1201,DECKS!$A$2:$A$1201,INDEX(_LEITURA!$P$2:$P$21,3),DECKS!$B$2:$B$1201,$A18)) | N18: =IF(OR($A18="",INDEX(_LEITURA!$Q$2:$Q$21,4)=0),"",SUMIFS(DECKS!$D$2:$D$1201,DECKS!$A$2:$A$1201,INDEX(_LEITURA!$P$2:$P$21,4),DECKS!$B$2:$B$1201,$A18)) | O18: =IF(OR($A18="",INDEX(_LEITURA!$Q$2:$Q$21,5)=0),"",SUMIFS(DECKS!$D$2:$D$1201,DECKS!$A$2:$A$1201,INDEX(_LEITURA!$P$2:$P$21,5),DECKS!$B$2:$B$1201,$A18)) | P18: =IF(OR($A18="",INDEX(_LEITURA!$Q$2:$Q$21,6)=0),"",SUMIFS(DECKS!$D$2:$D$1201,DECKS!$A$2:$A$1201,INDEX(_LEITURA!$P$2:$P$21,6),DECKS!$B$2:$B$1201,$A18)) | Q18: =IF(OR($A18="",INDEX(_LEITURA!$Q$2:$Q$21,7)=0),"",SUMIFS(DECKS!$D$2:$D$1201,DECKS!$A$2:$A$1201,INDEX(_LEITURA!$P$2:$P$21,7),DECKS!$B$2:$B$1201,$A18)) | R18: =IF(OR($A18="",INDEX(_LEITURA!$Q$2:$Q$21,8)=0),"",SUMIFS(DECKS!$D$2:$D$1201,DECKS!$A$2:$A$1201,INDEX(_LEITURA!$P$2:$P$21,8),DECKS!$B$2:$B$1201,$A18)) | S18: =IF(OR($A18="",INDEX(_LEITURA!$Q$2:$Q$21,9)=0),"",SUMIFS(DECKS!$D$2:$D$1201,DECKS!$A$2:$A$1201,INDEX(_LEITURA!$P$2:$P$21,9),DECKS!$B$2:$B$1201,$A18)) | T18: =IF(OR($A18="",INDEX(_LEITURA!$Q$2:$Q$21,10)=0),"",SUMIFS(DECKS!$D$2:$D$1201,DECKS!$A$2:$A$1201,INDEX(_LEITURA!$P$2:$P$21,10),DECKS!$B$2:$B$1201,$A18)) | U18: =IF(OR($A18="",INDEX(_LEITURA!$Q$2:$Q$21,11)=0),"",SUMIFS(DECKS!$D$2:$D$1201,DECKS!$A$2:$A$1201,INDEX(_LEITURA!$P$2:$P$21,11),DECKS!$B$2:$B$1201,$A18)) | V18: =IF(OR($A18="",INDEX(_LEITURA!$Q$2:$Q$21,12)=0),"",SUMIFS(DECKS!$D$2:$D$1201,DECKS!$A$2:$A$1201,INDEX(_LEITURA!$P$2:$P$21,12),DECKS!$B$2:$B$1201,$A18)) | W18: =IF(OR($A18="",INDEX(_LEITURA!$Q$2:$Q$21,13)=0),"",SUMIFS(DECKS!$D$2:$D$1201,DECKS!$A$2:$A$1201,INDEX(_LEITURA!$P$2:$P$21,13),DECKS!$B$2:$B$1201,$A18)) | X18: =IF(OR($A18="",INDEX(_LEITURA!$Q$2:$Q$21,14)=0),"",SUMIFS(DECKS!$D$2:$D$1201,DECKS!$A$2:$A$1201,INDEX(_LEITURA!$P$2:$P$21,14),DECKS!$B$2:$B$1201,$A18)) | Y18: =IF(OR($A18="",INDEX(_LEITURA!$Q$2:$Q$21,15)=0),"",SUMIFS(DECKS!$D$2:$D$1201,DECKS!$A$2:$A$1201,INDEX(_LEITURA!$P$2:$P$21,15),DECKS!$B$2:$B$1201,$A18)) | Z18: =IF(OR($A18="",INDEX(_LEITURA!$Q$2:$Q$21,16)=0),"",SUMIFS(DECKS!$D$2:$D$1201,DECKS!$A$2:$A$1201,INDEX(_LEITURA!$P$2:$P$21,16),DECKS!$B$2:$B$1201,$A18)) | AA18: =IF(OR($A18="",INDEX(_LEITURA!$Q$2:$Q$21,17)=0),"",SUMIFS(DECKS!$D$2:$D$1201,DECKS!$A$2:$A$1201,INDEX(_LEITURA!$P$2:$P$21,17),DECKS!$B$2:$B$1201,$A18)) | AB18: =IF(OR($A18="",INDEX(_LEITURA!$Q$2:$Q$21,18)=0),"",SUMIFS(DECKS!$D$2:$D$1201,DECKS!$A$2:$A$1201,INDEX(_LEITURA!$P$2:$P$21,18),DECKS!$B$2:$B$1201,$A18)) | AC18: =IF(OR($A18="",INDEX(_LEITURA!$Q$2:$Q$21,19)=0),"",SUMIFS(DECKS!$D$2:$D$1201,DECKS!$A$2:$A$1201,INDEX(_LEITURA!$P$2:$P$21,19),DECKS!$B$2:$B$1201,$A18)) | AD18: =IF(OR($A18="",INDEX(_LEITURA!$Q$2:$Q$21,20)=0),"",SUMIFS(DECKS!$D$2:$D$1201,DECKS!$A$2:$A$1201,INDEX(_LEITURA!$P$2:$P$21,20),DECKS!$B$2:$B$1201,$A18)) | AE18: =IF(N(E18)>0,MAX(AE$1:AE17)+1,"") | AF18: =IF(A18="","",IFERROR(LEFT(A18,FIND("-",A18)-1),A18)) | AG18: =IF(AF18="","",IF(ISNUMBER(--MID(AF18,1,1)),0,IF(ISNUMBER(--MID(AF18,2,1)),1,IF(ISNUMBER(--MID(AF18,3,1)),2,IF(ISNUMBER(--MID(AF18,4,1)),3,MIN(LEN(AF18),4)))))) | AH18: =IF(A18="","",LEFT(AF18,AG18)&REPT("0",4-AG18)&RIGHT("000"&IFERROR(VALUE(MID(AF18,AG18+1,9)),0),3)&RIGHT("0000"&IFERROR(VALUE(MID(A18,FIND("-",A18)+1,9)),0),4)) | AI18: =IF(OR(A18="",N(E18)<=0),"",IF('FALTAS GERAL'!$M$1="Código","K"&AH18&RIGHT("00000"&ROW(),5),IF('FALTAS GERAL'!$M$1="Nome","K"&UPPER(SUBSTITUTE(SUBSTITUTE(SUBSTITUTE(B18,"*",""),"?",""),"~",""))&"0"&AH18&RIGHT("00000"&ROW(),5),IF('FALTAS GERAL'!$M$1="Falta (maior primeiro)","K"&RIGHT("0000"&(9999-E18),4)&AH18&RIGHT("00000"&ROW(),5),IF('FALTAS GERAL'!$M$1="Nº de decks (maior primeiro)","K"&RIGHT("00"&(99-N(G18)),2)&AH18&RIGHT("00000"&ROW(),5),"K"&RIGHT("00000"&ROW(),5)))))) | AJ18: =IF(AI18="","",COUNTIFS($AI$2:$AI$801,"<"&AI18,$E$2:$E$801,">0")+1) | AK18: =IF(OR(A18="",N(E18)<=0),"",COUNTIFS($AH$2:$AH$801,"<"&AH18,$E$2:$E$801,">0")+COUNTIFS($AH$2:AH18,AH18,$E$2:E18,">0"))
A19: =IF(INVENTÁRIO!A19="","",INVENTÁRIO!A19) | B19: =IF(A19="","",INVENTÁRIO!B19) | C19: =IF(A19="","",INVENTÁRIO!C19) | D19: =IF(A19="","",MAX(K19:AD19)) | E19: =IF(A19="","",MAX(0,D19-C19)) | F19: =IF(A19="","",IF(D19=0,"Fora dos decks",IF(E19=0,"Completo","Falta"))) | G19: =IF(A19="","",COUNTIF(K19:AD19,">0")) | H19: =IF(A19="","",IF(G19>1,"Sim","")) | I19: =IF(A19="","",SUMIFS(DECKS!$D$2:$D$1201,DECKS!$B$2:$B$1201,A19)) | J19: =IF(A19="","",MAX(0,I19-C19)) | K19: =IF(OR($A19="",INDEX(_LEITURA!$Q$2:$Q$21,1)=0),"",SUMIFS(DECKS!$D$2:$D$1201,DECKS!$A$2:$A$1201,INDEX(_LEITURA!$P$2:$P$21,1),DECKS!$B$2:$B$1201,$A19)) | L19: =IF(OR($A19="",INDEX(_LEITURA!$Q$2:$Q$21,2)=0),"",SUMIFS(DECKS!$D$2:$D$1201,DECKS!$A$2:$A$1201,INDEX(_LEITURA!$P$2:$P$21,2),DECKS!$B$2:$B$1201,$A19)) | M19: =IF(OR($A19="",INDEX(_LEITURA!$Q$2:$Q$21,3)=0),"",SUMIFS(DECKS!$D$2:$D$1201,DECKS!$A$2:$A$1201,INDEX(_LEITURA!$P$2:$P$21,3),DECKS!$B$2:$B$1201,$A19)) | N19: =IF(OR($A19="",INDEX(_LEITURA!$Q$2:$Q$21,4)=0),"",SUMIFS(DECKS!$D$2:$D$1201,DECKS!$A$2:$A$1201,INDEX(_LEITURA!$P$2:$P$21,4),DECKS!$B$2:$B$1201,$A19)) | O19: =IF(OR($A19="",INDEX(_LEITURA!$Q$2:$Q$21,5)=0),"",SUMIFS(DECKS!$D$2:$D$1201,DECKS!$A$2:$A$1201,INDEX(_LEITURA!$P$2:$P$21,5),DECKS!$B$2:$B$1201,$A19)) | P19: =IF(OR($A19="",INDEX(_LEITURA!$Q$2:$Q$21,6)=0),"",SUMIFS(DECKS!$D$2:$D$1201,DECKS!$A$2:$A$1201,INDEX(_LEITURA!$P$2:$P$21,6),DECKS!$B$2:$B$1201,$A19)) | Q19: =IF(OR($A19="",INDEX(_LEITURA!$Q$2:$Q$21,7)=0),"",SUMIFS(DECKS!$D$2:$D$1201,DECKS!$A$2:$A$1201,INDEX(_LEITURA!$P$2:$P$21,7),DECKS!$B$2:$B$1201,$A19)) | R19: =IF(OR($A19="",INDEX(_LEITURA!$Q$2:$Q$21,8)=0),"",SUMIFS(DECKS!$D$2:$D$1201,DECKS!$A$2:$A$1201,INDEX(_LEITURA!$P$2:$P$21,8),DECKS!$B$2:$B$1201,$A19)) | S19: =IF(OR($A19="",INDEX(_LEITURA!$Q$2:$Q$21,9)=0),"",SUMIFS(DECKS!$D$2:$D$1201,DECKS!$A$2:$A$1201,INDEX(_LEITURA!$P$2:$P$21,9),DECKS!$B$2:$B$1201,$A19)) | T19: =IF(OR($A19="",INDEX(_LEITURA!$Q$2:$Q$21,10)=0),"",SUMIFS(DECKS!$D$2:$D$1201,DECKS!$A$2:$A$1201,INDEX(_LEITURA!$P$2:$P$21,10),DECKS!$B$2:$B$1201,$A19)) | U19: =IF(OR($A19="",INDEX(_LEITURA!$Q$2:$Q$21,11)=0),"",SUMIFS(DECKS!$D$2:$D$1201,DECKS!$A$2:$A$1201,INDEX(_LEITURA!$P$2:$P$21,11),DECKS!$B$2:$B$1201,$A19)) | V19: =IF(OR($A19="",INDEX(_LEITURA!$Q$2:$Q$21,12)=0),"",SUMIFS(DECKS!$D$2:$D$1201,DECKS!$A$2:$A$1201,INDEX(_LEITURA!$P$2:$P$21,12),DECKS!$B$2:$B$1201,$A19)) | W19: =IF(OR($A19="",INDEX(_LEITURA!$Q$2:$Q$21,13)=0),"",SUMIFS(DECKS!$D$2:$D$1201,DECKS!$A$2:$A$1201,INDEX(_LEITURA!$P$2:$P$21,13),DECKS!$B$2:$B$1201,$A19)) | X19: =IF(OR($A19="",INDEX(_LEITURA!$Q$2:$Q$21,14)=0),"",SUMIFS(DECKS!$D$2:$D$1201,DECKS!$A$2:$A$1201,INDEX(_LEITURA!$P$2:$P$21,14),DECKS!$B$2:$B$1201,$A19)) | Y19: =IF(OR($A19="",INDEX(_LEITURA!$Q$2:$Q$21,15)=0),"",SUMIFS(DECKS!$D$2:$D$1201,DECKS!$A$2:$A$1201,INDEX(_LEITURA!$P$2:$P$21,15),DECKS!$B$2:$B$1201,$A19)) | Z19: =IF(OR($A19="",INDEX(_LEITURA!$Q$2:$Q$21,16)=0),"",SUMIFS(DECKS!$D$2:$D$1201,DECKS!$A$2:$A$1201,INDEX(_LEITURA!$P$2:$P$21,16),DECKS!$B$2:$B$1201,$A19)) | AA19: =IF(OR($A19="",INDEX(_LEITURA!$Q$2:$Q$21,17)=0),"",SUMIFS(DECKS!$D$2:$D$1201,DECKS!$A$2:$A$1201,INDEX(_LEITURA!$P$2:$P$21,17),DECKS!$B$2:$B$1201,$A19)) | AB19: =IF(OR($A19="",INDEX(_LEITURA!$Q$2:$Q$21,18)=0),"",SUMIFS(DECKS!$D$2:$D$1201,DECKS!$A$2:$A$1201,INDEX(_LEITURA!$P$2:$P$21,18),DECKS!$B$2:$B$1201,$A19)) | AC19: =IF(OR($A19="",INDEX(_LEITURA!$Q$2:$Q$21,19)=0),"",SUMIFS(DECKS!$D$2:$D$1201,DECKS!$A$2:$A$1201,INDEX(_LEITURA!$P$2:$P$21,19),DECKS!$B$2:$B$1201,$A19)) | AD19: =IF(OR($A19="",INDEX(_LEITURA!$Q$2:$Q$21,20)=0),"",SUMIFS(DECKS!$D$2:$D$1201,DECKS!$A$2:$A$1201,INDEX(_LEITURA!$P$2:$P$21,20),DECKS!$B$2:$B$1201,$A19)) | AE19: =IF(N(E19)>0,MAX(AE$1:AE18)+1,"") | AF19: =IF(A19="","",IFERROR(LEFT(A19,FIND("-",A19)-1),A19)) | AG19: =IF(AF19="","",IF(ISNUMBER(--MID(AF19,1,1)),0,IF(ISNUMBER(--MID(AF19,2,1)),1,IF(ISNUMBER(--MID(AF19,3,1)),2,IF(ISNUMBER(--MID(AF19,4,1)),3,MIN(LEN(AF19),4)))))) | AH19: =IF(A19="","",LEFT(AF19,AG19)&REPT("0",4-AG19)&RIGHT("000"&IFERROR(VALUE(MID(AF19,AG19+1,9)),0),3)&RIGHT("0000"&IFERROR(VALUE(MID(A19,FIND("-",A19)+1,9)),0),4)) | AI19: =IF(OR(A19="",N(E19)<=0),"",IF('FALTAS GERAL'!$M$1="Código","K"&AH19&RIGHT("00000"&ROW(),5),IF('FALTAS GERAL'!$M$1="Nome","K"&UPPER(SUBSTITUTE(SUBSTITUTE(SUBSTITUTE(B19,"*",""),"?",""),"~",""))&"0"&AH19&RIGHT("00000"&ROW(),5),IF('FALTAS GERAL'!$M$1="Falta (maior primeiro)","K"&RIGHT("0000"&(9999-E19),4)&AH19&RIGHT("00000"&ROW(),5),IF('FALTAS GERAL'!$M$1="Nº de decks (maior primeiro)","K"&RIGHT("00"&(99-N(G19)),2)&AH19&RIGHT("00000"&ROW(),5),"K"&RIGHT("00000"&ROW(),5)))))) | AJ19: =IF(AI19="","",COUNTIFS($AI$2:$AI$801,"<"&AI19,$E$2:$E$801,">0")+1) | AK19: =IF(OR(A19="",N(E19)<=0),"",COUNTIFS($AH$2:$AH$801,"<"&AH19,$E$2:$E$801,">0")+COUNTIFS($AH$2:AH19,AH19,$E$2:E19,">0"))
A20: =IF(INVENTÁRIO!A20="","",INVENTÁRIO!A20) | B20: =IF(A20="","",INVENTÁRIO!B20) | C20: =IF(A20="","",INVENTÁRIO!C20) | D20: =IF(A20="","",MAX(K20:AD20)) | E20: =IF(A20="","",MAX(0,D20-C20)) | F20: =IF(A20="","",IF(D20=0,"Fora dos decks",IF(E20=0,"Completo","Falta"))) | G20: =IF(A20="","",COUNTIF(K20:AD20,">0")) | H20: =IF(A20="","",IF(G20>1,"Sim","")) | I20: =IF(A20="","",SUMIFS(DECKS!$D$2:$D$1201,DECKS!$B$2:$B$1201,A20)) | J20: =IF(A20="","",MAX(0,I20-C20)) | K20: =IF(OR($A20="",INDEX(_LEITURA!$Q$2:$Q$21,1)=0),"",SUMIFS(DECKS!$D$2:$D$1201,DECKS!$A$2:$A$1201,INDEX(_LEITURA!$P$2:$P$21,1),DECKS!$B$2:$B$1201,$A20)) | L20: =IF(OR($A20="",INDEX(_LEITURA!$Q$2:$Q$21,2)=0),"",SUMIFS(DECKS!$D$2:$D$1201,DECKS!$A$2:$A$1201,INDEX(_LEITURA!$P$2:$P$21,2),DECKS!$B$2:$B$1201,$A20)) | M20: =IF(OR($A20="",INDEX(_LEITURA!$Q$2:$Q$21,3)=0),"",SUMIFS(DECKS!$D$2:$D$1201,DECKS!$A$2:$A$1201,INDEX(_LEITURA!$P$2:$P$21,3),DECKS!$B$2:$B$1201,$A20)) | N20: =IF(OR($A20="",INDEX(_LEITURA!$Q$2:$Q$21,4)=0),"",SUMIFS(DECKS!$D$2:$D$1201,DECKS!$A$2:$A$1201,INDEX(_LEITURA!$P$2:$P$21,4),DECKS!$B$2:$B$1201,$A20)) | O20: =IF(OR($A20="",INDEX(_LEITURA!$Q$2:$Q$21,5)=0),"",SUMIFS(DECKS!$D$2:$D$1201,DECKS!$A$2:$A$1201,INDEX(_LEITURA!$P$2:$P$21,5),DECKS!$B$2:$B$1201,$A20)) | P20: =IF(OR($A20="",INDEX(_LEITURA!$Q$2:$Q$21,6)=0),"",SUMIFS(DECKS!$D$2:$D$1201,DECKS!$A$2:$A$1201,INDEX(_LEITURA!$P$2:$P$21,6),DECKS!$B$2:$B$1201,$A20)) | Q20: =IF(OR($A20="",INDEX(_LEITURA!$Q$2:$Q$21,7)=0),"",SUMIFS(DECKS!$D$2:$D$1201,DECKS!$A$2:$A$1201,INDEX(_LEITURA!$P$2:$P$21,7),DECKS!$B$2:$B$1201,$A20)) | R20: =IF(OR($A20="",INDEX(_LEITURA!$Q$2:$Q$21,8)=0),"",SUMIFS(DECKS!$D$2:$D$1201,DECKS!$A$2:$A$1201,INDEX(_LEITURA!$P$2:$P$21,8),DECKS!$B$2:$B$1201,$A20)) | S20: =IF(OR($A20="",INDEX(_LEITURA!$Q$2:$Q$21,9)=0),"",SUMIFS(DECKS!$D$2:$D$1201,DECKS!$A$2:$A$1201,INDEX(_LEITURA!$P$2:$P$21,9),DECKS!$B$2:$B$1201,$A20)) | T20: =IF(OR($A20="",INDEX(_LEITURA!$Q$2:$Q$21,10)=0),"",SUMIFS(DECKS!$D$2:$D$1201,DECKS!$A$2:$A$1201,INDEX(_LEITURA!$P$2:$P$21,10),DECKS!$B$2:$B$1201,$A20)) | U20: =IF(OR($A20="",INDEX(_LEITURA!$Q$2:$Q$21,11)=0),"",SUMIFS(DECKS!$D$2:$D$1201,DECKS!$A$2:$A$1201,INDEX(_LEITURA!$P$2:$P$21,11),DECKS!$B$2:$B$1201,$A20)) | V20: =IF(OR($A20="",INDEX(_LEITURA!$Q$2:$Q$21,12)=0),"",SUMIFS(DECKS!$D$2:$D$1201,DECKS!$A$2:$A$1201,INDEX(_LEITURA!$P$2:$P$21,12),DECKS!$B$2:$B$1201,$A20)) | W20: =IF(OR($A20="",INDEX(_LEITURA!$Q$2:$Q$21,13)=0),"",SUMIFS(DECKS!$D$2:$D$1201,DECKS!$A$2:$A$1201,INDEX(_LEITURA!$P$2:$P$21,13),DECKS!$B$2:$B$1201,$A20)) | X20: =IF(OR($A20="",INDEX(_LEITURA!$Q$2:$Q$21,14)=0),"",SUMIFS(DECKS!$D$2:$D$1201,DECKS!$A$2:$A$1201,INDEX(_LEITURA!$P$2:$P$21,14),DECKS!$B$2:$B$1201,$A20)) | Y20: =IF(OR($A20="",INDEX(_LEITURA!$Q$2:$Q$21,15)=0),"",SUMIFS(DECKS!$D$2:$D$1201,DECKS!$A$2:$A$1201,INDEX(_LEITURA!$P$2:$P$21,15),DECKS!$B$2:$B$1201,$A20)) | Z20: =IF(OR($A20="",INDEX(_LEITURA!$Q$2:$Q$21,16)=0),"",SUMIFS(DECKS!$D$2:$D$1201,DECKS!$A$2:$A$1201,INDEX(_LEITURA!$P$2:$P$21,16),DECKS!$B$2:$B$1201,$A20)) | AA20: =IF(OR($A20="",INDEX(_LEITURA!$Q$2:$Q$21,17)=0),"",SUMIFS(DECKS!$D$2:$D$1201,DECKS!$A$2:$A$1201,INDEX(_LEITURA!$P$2:$P$21,17),DECKS!$B$2:$B$1201,$A20)) | AB20: =IF(OR($A20="",INDEX(_LEITURA!$Q$2:$Q$21,18)=0),"",SUMIFS(DECKS!$D$2:$D$1201,DECKS!$A$2:$A$1201,INDEX(_LEITURA!$P$2:$P$21,18),DECKS!$B$2:$B$1201,$A20)) | AC20: =IF(OR($A20="",INDEX(_LEITURA!$Q$2:$Q$21,19)=0),"",SUMIFS(DECKS!$D$2:$D$1201,DECKS!$A$2:$A$1201,INDEX(_LEITURA!$P$2:$P$21,19),DECKS!$B$2:$B$1201,$A20)) | AD20: =IF(OR($A20="",INDEX(_LEITURA!$Q$2:$Q$21,20)=0),"",SUMIFS(DECKS!$D$2:$D$1201,DECKS!$A$2:$A$1201,INDEX(_LEITURA!$P$2:$P$21,20),DECKS!$B$2:$B$1201,$A20)) | AE20: =IF(N(E20)>0,MAX(AE$1:AE19)+1,"") | AF20: =IF(A20="","",IFERROR(LEFT(A20,FIND("-",A20)-1),A20)) | AG20: =IF(AF20="","",IF(ISNUMBER(--MID(AF20,1,1)),0,IF(ISNUMBER(--MID(AF20,2,1)),1,IF(ISNUMBER(--MID(AF20,3,1)),2,IF(ISNUMBER(--MID(AF20,4,1)),3,MIN(LEN(AF20),4)))))) | AH20: =IF(A20="","",LEFT(AF20,AG20)&REPT("0",4-AG20)&RIGHT("000"&IFERROR(VALUE(MID(AF20,AG20+1,9)),0),3)&RIGHT("0000"&IFERROR(VALUE(MID(A20,FIND("-",A20)+1,9)),0),4)) | AI20: =IF(OR(A20="",N(E20)<=0),"",IF('FALTAS GERAL'!$M$1="Código","K"&AH20&RIGHT("00000"&ROW(),5),IF('FALTAS GERAL'!$M$1="Nome","K"&UPPER(SUBSTITUTE(SUBSTITUTE(SUBSTITUTE(B20,"*",""),"?",""),"~",""))&"0"&AH20&RIGHT("00000"&ROW(),5),IF('FALTAS GERAL'!$M$1="Falta (maior primeiro)","K"&RIGHT("0000"&(9999-E20),4)&AH20&RIGHT("00000"&ROW(),5),IF('FALTAS GERAL'!$M$1="Nº de decks (maior primeiro)","K"&RIGHT("00"&(99-N(G20)),2)&AH20&RIGHT("00000"&ROW(),5),"K"&RIGHT("00000"&ROW(),5)))))) | AJ20: =IF(AI20="","",COUNTIFS($AI$2:$AI$801,"<"&AI20,$E$2:$E$801,">0")+1) | AK20: =IF(OR(A20="",N(E20)<=0),"",COUNTIFS($AH$2:$AH$801,"<"&AH20,$E$2:$E$801,">0")+COUNTIFS($AH$2:AH20,AH20,$E$2:E20,">0"))
... A801: =IF(INVENTÁRIO!A801="","",INVENTÁRIO!A801) | B801: =IF(A801="","",INVENTÁRIO!B801) | C801: =IF(A801="","",INVENTÁRIO!C801) | D801: =IF(A801="","",MAX(K801:AD801)) | E801: =IF(A801="","",MAX(0,D801-C801)) | F801: =IF(A801="","",IF(D801=0,"Fora dos decks",IF(E801=0,"Completo","Falta"))) | G801: =IF(A801="","",COUNTIF(K801:AD801,">0")) | H801: =IF(A801="","",IF(G801>1,"Sim","")) | I801: =IF(A801="","",SUMIFS(DECKS!$D$2:$D$1201,DECKS!$B$2:$B$1201,A801)) | J801: =IF(A801="","",MAX(0,I801-C801)) | K801: =IF(OR($A801="",INDEX(_LEITURA!$Q$2:$Q$21,1)=0),"",SUMIFS(DECKS!$D$2:$D$1201,DECKS!$A$2:$A$1201,INDEX(_LEITURA!$P$2:$P$21,1),DECKS!$B$2:$B$1201,$A801)) | L801: =IF(OR($A801="",INDEX(_LEITURA!$Q$2:$Q$21,2)=0),"",SUMIFS(DECKS!$D$2:$D$1201,DECKS!$A$2:$A$1201,INDEX(_LEITURA!$P$2:$P$21,2),DECKS!$B$2:$B$1201,$A801)) | M801: =IF(OR($A801="",INDEX(_LEITURA!$Q$2:$Q$21,3)=0),"",SUMIFS(DECKS!$D$2:$D$1201,DECKS!$A$2:$A$1201,INDEX(_LEITURA!$P$2:$P$21,3),DECKS!$B$2:$B$1201,$A801)) | N801: =IF(OR($A801="",INDEX(_LEITURA!$Q$2:$Q$21,4)=0),"",SUMIFS(DECKS!$D$2:$D$1201,DECKS!$A$2:$A$1201,INDEX(_LEITURA!$P$2:$P$21,4),DECKS!$B$2:$B$1201,$A801)) | O801: =IF(OR($A801="",INDEX(_LEITURA!$Q$2:$Q$21,5)=0),"",SUMIFS(DECKS!$D$2:$D$1201,DECKS!$A$2:$A$1201,INDEX(_LEITURA!$P$2:$P$21,5),DECKS!$B$2:$B$1201,$A801)) | P801: =IF(OR($A801="",INDEX(_LEITURA!$Q$2:$Q$21,6)=0),"",SUMIFS(DECKS!$D$2:$D$1201,DECKS!$A$2:$A$1201,INDEX(_LEITURA!$P$2:$P$21,6),DECKS!$B$2:$B$1201,$A801)) | Q801: =IF(OR($A801="",INDEX(_LEITURA!$Q$2:$Q$21,7)=0),"",SUMIFS(DECKS!$D$2:$D$1201,DECKS!$A$2:$A$1201,INDEX(_LEITURA!$P$2:$P$21,7),DECKS!$B$2:$B$1201,$A801)) | R801: =IF(OR($A801="",INDEX(_LEITURA!$Q$2:$Q$21,8)=0),"",SUMIFS(DECKS!$D$2:$D$1201,DECKS!$A$2:$A$1201,INDEX(_LEITURA!$P$2:$P$21,8),DECKS!$B$2:$B$1201,$A801)) | S801: =IF(OR($A801="",INDEX(_LEITURA!$Q$2:$Q$21,9)=0),"",SUMIFS(DECKS!$D$2:$D$1201,DECKS!$A$2:$A$1201,INDEX(_LEITURA!$P$2:$P$21,9),DECKS!$B$2:$B$1201,$A801)) | T801: =IF(OR($A801="",INDEX(_LEITURA!$Q$2:$Q$21,10)=0),"",SUMIFS(DECKS!$D$2:$D$1201,DECKS!$A$2:$A$1201,INDEX(_LEITURA!$P$2:$P$21,10),DECKS!$B$2:$B$1201,$A801)) | U801: =IF(OR($A801="",INDEX(_LEITURA!$Q$2:$Q$21,11)=0),"",SUMIFS(DECKS!$D$2:$D$1201,DECKS!$A$2:$A$1201,INDEX(_LEITURA!$P$2:$P$21,11),DECKS!$B$2:$B$1201,$A801)) | V801: =IF(OR($A801="",INDEX(_LEITURA!$Q$2:$Q$21,12)=0),"",SUMIFS(DECKS!$D$2:$D$1201,DECKS!$A$2:$A$1201,INDEX(_LEITURA!$P$2:$P$21,12),DECKS!$B$2:$B$1201,$A801)) | W801: =IF(OR($A801="",INDEX(_LEITURA!$Q$2:$Q$21,13)=0),"",SUMIFS(DECKS!$D$2:$D$1201,DECKS!$A$2:$A$1201,INDEX(_LEITURA!$P$2:$P$21,13),DECKS!$B$2:$B$1201,$A801)) | X801: =IF(OR($A801="",INDEX(_LEITURA!$Q$2:$Q$21,14)=0),"",SUMIFS(DECKS!$D$2:$D$1201,DECKS!$A$2:$A$1201,INDEX(_LEITURA!$P$2:$P$21,14),DECKS!$B$2:$B$1201,$A801)) | Y801: =IF(OR($A801="",INDEX(_LEITURA!$Q$2:$Q$21,15)=0),"",SUMIFS(DECKS!$D$2:$D$1201,DECKS!$A$2:$A$1201,INDEX(_LEITURA!$P$2:$P$21,15),DECKS!$B$2:$B$1201,$A801)) | Z801: =IF(OR($A801="",INDEX(_LEITURA!$Q$2:$Q$21,16)=0),"",SUMIFS(DECKS!$D$2:$D$1201,DECKS!$A$2:$A$1201,INDEX(_LEITURA!$P$2:$P$21,16),DECKS!$B$2:$B$1201,$A801)) | AA801: =IF(OR($A801="",INDEX(_LEITURA!$Q$2:$Q$21,17)=0),"",SUMIFS(DECKS!$D$2:$D$1201,DECKS!$A$2:$A$1201,INDEX(_LEITURA!$P$2:$P$21,17),DECKS!$B$2:$B$1201,$A801)) | AB801: =IF(OR($A801="",INDEX(_LEITURA!$Q$2:$Q$21,18)=0),"",SUMIFS(DECKS!$D$2:$D$1201,DECKS!$A$2:$A$1201,INDEX(_LEITURA!$P$2:$P$21,18),DECKS!$B$2:$B$1201,$A801)) | AC801: =IF(OR($A801="",INDEX(_LEITURA!$Q$2:$Q$21,19)=0),"",SUMIFS(DECKS!$D$2:$D$1201,DECKS!$A$2:$A$1201,INDEX(_LEITURA!$P$2:$P$21,19),DECKS!$B$2:$B$1201,$A801)) | AD801: =IF(OR($A801="",INDEX(_LEITURA!$Q$2:$Q$21,20)=0),"",SUMIFS(DECKS!$D$2:$D$1201,DECKS!$A$2:$A$1201,INDEX(_LEITURA!$P$2:$P$21,20),DECKS!$B$2:$B$1201,$A801)) | AE801: =IF(N(E801)>0,MAX(AE$1:AE800)+1,"") | AF801: =IF(A801="","",IFERROR(LEFT(A801,FIND("-",A801)-1),A801)) | AG801: =IF(AF801="","",IF(ISNUMBER(--MID(AF801,1,1)),0,IF(ISNUMBER(--MID(AF801,2,1)),1,IF(ISNUMBER(--MID(AF801,3,1)),2,IF(ISNUMBER(--MID(AF801,4,1)),3,MIN(LEN(AF801),4)))))) | AH801: =IF(A801="","",LEFT(AF801,AG801)&REPT("0",4-AG801)&RIGHT("000"&IFERROR(VALUE(MID(AF801,AG801+1,9)),0),3)&RIGHT("0000"&IFERROR(VALUE(MID(A801,FIND("-",A801)+1,9)),0),4)) | AI801: =IF(OR(A801="",N(E801)<=0),"",IF('FALTAS GERAL'!$M$1="Código","K"&AH801&RIGHT("00000"&ROW(),5),IF('FALTAS GERAL'!$M$1="Nome","K"&UPPER(SUBSTITUTE(SUBSTITUTE(SUBSTITUTE(B801,"*",""),"?",""),"~",""))&"0"&AH801&RIGHT("00000"&ROW(),5),IF('FALTAS GERAL'!$M$1="Falta (maior primeiro)","K"&RIGHT("0000"&(9999-E801),4)&AH801&RIGHT("00000"&ROW(),5),IF('FALTAS GERAL'!$M$1="Nº de decks (maior primeiro)","K"&RIGHT("00"&(99-N(G801)),2)&AH801&RIGHT("00000"&ROW(),5),"K"&RIGHT("00000"&ROW(),5)))))) | AJ801: =IF(AI801="","",COUNTIFS($AI$2:$AI$801,"<"&AI801,$E$2:$E$801,">0")+1) | AK801: =IF(OR(A801="",N(E801)<=0),"",COUNTIFS($AH$2:$AH$801,"<"&AH801,$E$2:$E$801,">0")+COUNTIFS($AH$2:AH801,AH801,$E$2:E801,">0"))

Sheet FALTAS POR DECK
A1: Foto | B1: Deck | C1: Código | D1: Nome | E1: Necessário | F1: Tenho | G1: Falta | H1: Pos (aux) | I1: Lista p/ Liga Digimon | K1: Deck | L1: Cartas do deck | M1: Cartas que faltam | O1: Ordenar por: | P1: Ordem do deck (padrão)
B2: =IF($H2="","",INDEX(DECKS!$A$2:$A$1201,$H2)) | C2: =IF($H2="","",INDEX(DECKS!$B$2:$B$1201,$H2)) | D2: =IF($H2="","",INDEX(DECKS!$C$2:$C$1201,$H2)) | E2: =IF($H2="","",INDEX(DECKS!$D$2:$D$1201,$H2)) | F2: =IF($H2="","",INDEX(DECKS!$E$2:$E$1201,$H2)) | G2: =IF($H2="","",INDEX(DECKS!$F$2:$F$1201,$H2)) | H2: =IFERROR(MATCH(ROW()-1,DECKS!$O$2:$O$1201,0),"") | I2: =IF(C2="","",G2&" "&D2&" ("&C2&")") | K2: =IF(INDEX(_LEITURA!$Q$2:$Q$21,1)=1,INDEX(_LEITURA!$P$2:$P$21,1),"") | L2: =IF(K2="","",SUMIFS(DECKS!$D$2:$D$1201,DECKS!$A$2:$A$1201,K2)) | M2: =IF(K2="","",SUMIFS(DECKS!$F$2:$F$1201,DECKS!$A$2:$A$1201,K2)) | O2: Escolha a ordem da lista. O filtro nativo das colunas não funciona aqui porque a lista é calculada.
B3: =IF($H3="","",INDEX(DECKS!$A$2:$A$1201,$H3)) | C3: =IF($H3="","",INDEX(DECKS!$B$2:$B$1201,$H3)) | D3: =IF($H3="","",INDEX(DECKS!$C$2:$C$1201,$H3)) | E3: =IF($H3="","",INDEX(DECKS!$D$2:$D$1201,$H3)) | F3: =IF($H3="","",INDEX(DECKS!$E$2:$E$1201,$H3)) | G3: =IF($H3="","",INDEX(DECKS!$F$2:$F$1201,$H3)) | H3: =IFERROR(MATCH(ROW()-1,DECKS!$O$2:$O$1201,0),"") | I3: =IF(C3="","",G3&" "&D3&" ("&C3&")") | K3: =IF(INDEX(_LEITURA!$Q$2:$Q$21,2)=1,INDEX(_LEITURA!$P$2:$P$21,2),"") | L3: =IF(K3="","",SUMIFS(DECKS!$D$2:$D$1201,DECKS!$A$2:$A$1201,K3)) | M3: =IF(K3="","",SUMIFS(DECKS!$F$2:$F$1201,DECKS!$A$2:$A$1201,K3))
B4: =IF($H4="","",INDEX(DECKS!$A$2:$A$1201,$H4)) | C4: =IF($H4="","",INDEX(DECKS!$B$2:$B$1201,$H4)) | D4: =IF($H4="","",INDEX(DECKS!$C$2:$C$1201,$H4)) | E4: =IF($H4="","",INDEX(DECKS!$D$2:$D$1201,$H4)) | F4: =IF($H4="","",INDEX(DECKS!$E$2:$E$1201,$H4)) | G4: =IF($H4="","",INDEX(DECKS!$F$2:$F$1201,$H4)) | H4: =IFERROR(MATCH(ROW()-1,DECKS!$O$2:$O$1201,0),"") | I4: =IF(C4="","",G4&" "&D4&" ("&C4&")") | K4: =IF(INDEX(_LEITURA!$Q$2:$Q$21,3)=1,INDEX(_LEITURA!$P$2:$P$21,3),"") | L4: =IF(K4="","",SUMIFS(DECKS!$D$2:$D$1201,DECKS!$A$2:$A$1201,K4)) | M4: =IF(K4="","",SUMIFS(DECKS!$F$2:$F$1201,DECKS!$A$2:$A$1201,K4))
B5: =IF($H5="","",INDEX(DECKS!$A$2:$A$1201,$H5)) | C5: =IF($H5="","",INDEX(DECKS!$B$2:$B$1201,$H5)) | D5: =IF($H5="","",INDEX(DECKS!$C$2:$C$1201,$H5)) | E5: =IF($H5="","",INDEX(DECKS!$D$2:$D$1201,$H5)) | F5: =IF($H5="","",INDEX(DECKS!$E$2:$E$1201,$H5)) | G5: =IF($H5="","",INDEX(DECKS!$F$2:$F$1201,$H5)) | H5: =IFERROR(MATCH(ROW()-1,DECKS!$O$2:$O$1201,0),"") | I5: =IF(C5="","",G5&" "&D5&" ("&C5&")") | K5: =IF(INDEX(_LEITURA!$Q$2:$Q$21,4)=1,INDEX(_LEITURA!$P$2:$P$21,4),"") | L5: =IF(K5="","",SUMIFS(DECKS!$D$2:$D$1201,DECKS!$A$2:$A$1201,K5)) | M5: =IF(K5="","",SUMIFS(DECKS!$F$2:$F$1201,DECKS!$A$2:$A$1201,K5))
B6: =IF($H6="","",INDEX(DECKS!$A$2:$A$1201,$H6)) | C6: =IF($H6="","",INDEX(DECKS!$B$2:$B$1201,$H6)) | D6: =IF($H6="","",INDEX(DECKS!$C$2:$C$1201,$H6)) | E6: =IF($H6="","",INDEX(DECKS!$D$2:$D$1201,$H6)) | F6: =IF($H6="","",INDEX(DECKS!$E$2:$E$1201,$H6)) | G6: =IF($H6="","",INDEX(DECKS!$F$2:$F$1201,$H6)) | H6: =IFERROR(MATCH(ROW()-1,DECKS!$O$2:$O$1201,0),"") | I6: =IF(C6="","",G6&" "&D6&" ("&C6&")") | K6: =IF(INDEX(_LEITURA!$Q$2:$Q$21,5)=1,INDEX(_LEITURA!$P$2:$P$21,5),"") | L6: =IF(K6="","",SUMIFS(DECKS!$D$2:$D$1201,DECKS!$A$2:$A$1201,K6)) | M6: =IF(K6="","",SUMIFS(DECKS!$F$2:$F$1201,DECKS!$A$2:$A$1201,K6))
B7: =IF($H7="","",INDEX(DECKS!$A$2:$A$1201,$H7)) | C7: =IF($H7="","",INDEX(DECKS!$B$2:$B$1201,$H7)) | D7: =IF($H7="","",INDEX(DECKS!$C$2:$C$1201,$H7)) | E7: =IF($H7="","",INDEX(DECKS!$D$2:$D$1201,$H7)) | F7: =IF($H7="","",INDEX(DECKS!$E$2:$E$1201,$H7)) | G7: =IF($H7="","",INDEX(DECKS!$F$2:$F$1201,$H7)) | H7: =IFERROR(MATCH(ROW()-1,DECKS!$O$2:$O$1201,0),"") | I7: =IF(C7="","",G7&" "&D7&" ("&C7&")") | K7: =IF(INDEX(_LEITURA!$Q$2:$Q$21,6)=1,INDEX(_LEITURA!$P$2:$P$21,6),"") | L7: =IF(K7="","",SUMIFS(DECKS!$D$2:$D$1201,DECKS!$A$2:$A$1201,K7)) | M7: =IF(K7="","",SUMIFS(DECKS!$F$2:$F$1201,DECKS!$A$2:$A$1201,K7))
B8: =IF($H8="","",INDEX(DECKS!$A$2:$A$1201,$H8)) | C8: =IF($H8="","",INDEX(DECKS!$B$2:$B$1201,$H8)) | D8: =IF($H8="","",INDEX(DECKS!$C$2:$C$1201,$H8)) | E8: =IF($H8="","",INDEX(DECKS!$D$2:$D$1201,$H8)) | F8: =IF($H8="","",INDEX(DECKS!$E$2:$E$1201,$H8)) | G8: =IF($H8="","",INDEX(DECKS!$F$2:$F$1201,$H8)) | H8: =IFERROR(MATCH(ROW()-1,DECKS!$O$2:$O$1201,0),"") | I8: =IF(C8="","",G8&" "&D8&" ("&C8&")") | K8: =IF(INDEX(_LEITURA!$Q$2:$Q$21,7)=1,INDEX(_LEITURA!$P$2:$P$21,7),"") | L8: =IF(K8="","",SUMIFS(DECKS!$D$2:$D$1201,DECKS!$A$2:$A$1201,K8)) | M8: =IF(K8="","",SUMIFS(DECKS!$F$2:$F$1201,DECKS!$A$2:$A$1201,K8))
B9: =IF($H9="","",INDEX(DECKS!$A$2:$A$1201,$H9)) | C9: =IF($H9="","",INDEX(DECKS!$B$2:$B$1201,$H9)) | D9: =IF($H9="","",INDEX(DECKS!$C$2:$C$1201,$H9)) | E9: =IF($H9="","",INDEX(DECKS!$D$2:$D$1201,$H9)) | F9: =IF($H9="","",INDEX(DECKS!$E$2:$E$1201,$H9)) | G9: =IF($H9="","",INDEX(DECKS!$F$2:$F$1201,$H9)) | H9: =IFERROR(MATCH(ROW()-1,DECKS!$O$2:$O$1201,0),"") | I9: =IF(C9="","",G9&" "&D9&" ("&C9&")") | K9: =IF(INDEX(_LEITURA!$Q$2:$Q$21,8)=1,INDEX(_LEITURA!$P$2:$P$21,8),"") | L9: =IF(K9="","",SUMIFS(DECKS!$D$2:$D$1201,DECKS!$A$2:$A$1201,K9)) | M9: =IF(K9="","",SUMIFS(DECKS!$F$2:$F$1201,DECKS!$A$2:$A$1201,K9))
B10: =IF($H10="","",INDEX(DECKS!$A$2:$A$1201,$H10)) | C10: =IF($H10="","",INDEX(DECKS!$B$2:$B$1201,$H10)) | D10: =IF($H10="","",INDEX(DECKS!$C$2:$C$1201,$H10)) | E10: =IF($H10="","",INDEX(DECKS!$D$2:$D$1201,$H10)) | F10: =IF($H10="","",INDEX(DECKS!$E$2:$E$1201,$H10)) | G10: =IF($H10="","",INDEX(DECKS!$F$2:$F$1201,$H10)) | H10: =IFERROR(MATCH(ROW()-1,DECKS!$O$2:$O$1201,0),"") | I10: =IF(C10="","",G10&" "&D10&" ("&C10&")") | K10: =IF(INDEX(_LEITURA!$Q$2:$Q$21,9)=1,INDEX(_LEITURA!$P$2:$P$21,9),"") | L10: =IF(K10="","",SUMIFS(DECKS!$D$2:$D$1201,DECKS!$A$2:$A$1201,K10)) | M10: =IF(K10="","",SUMIFS(DECKS!$F$2:$F$1201,DECKS!$A$2:$A$1201,K10))
B11: =IF($H11="","",INDEX(DECKS!$A$2:$A$1201,$H11)) | C11: =IF($H11="","",INDEX(DECKS!$B$2:$B$1201,$H11)) | D11: =IF($H11="","",INDEX(DECKS!$C$2:$C$1201,$H11)) | E11: =IF($H11="","",INDEX(DECKS!$D$2:$D$1201,$H11)) | F11: =IF($H11="","",INDEX(DECKS!$E$2:$E$1201,$H11)) | G11: =IF($H11="","",INDEX(DECKS!$F$2:$F$1201,$H11)) | H11: =IFERROR(MATCH(ROW()-1,DECKS!$O$2:$O$1201,0),"") | I11: =IF(C11="","",G11&" "&D11&" ("&C11&")") | K11: =IF(INDEX(_LEITURA!$Q$2:$Q$21,10)=1,INDEX(_LEITURA!$P$2:$P$21,10),"") | L11: =IF(K11="","",SUMIFS(DECKS!$D$2:$D$1201,DECKS!$A$2:$A$1201,K11)) | M11: =IF(K11="","",SUMIFS(DECKS!$F$2:$F$1201,DECKS!$A$2:$A$1201,K11))
B12: =IF($H12="","",INDEX(DECKS!$A$2:$A$1201,$H12)) | C12: =IF($H12="","",INDEX(DECKS!$B$2:$B$1201,$H12)) | D12: =IF($H12="","",INDEX(DECKS!$C$2:$C$1201,$H12)) | E12: =IF($H12="","",INDEX(DECKS!$D$2:$D$1201,$H12)) | F12: =IF($H12="","",INDEX(DECKS!$E$2:$E$1201,$H12)) | G12: =IF($H12="","",INDEX(DECKS!$F$2:$F$1201,$H12)) | H12: =IFERROR(MATCH(ROW()-1,DECKS!$O$2:$O$1201,0),"") | I12: =IF(C12="","",G12&" "&D12&" ("&C12&")") | K12: =IF(INDEX(_LEITURA!$Q$2:$Q$21,11)=1,INDEX(_LEITURA!$P$2:$P$21,11),"") | L12: =IF(K12="","",SUMIFS(DECKS!$D$2:$D$1201,DECKS!$A$2:$A$1201,K12)) | M12: =IF(K12="","",SUMIFS(DECKS!$F$2:$F$1201,DECKS!$A$2:$A$1201,K12))
B13: =IF($H13="","",INDEX(DECKS!$A$2:$A$1201,$H13)) | C13: =IF($H13="","",INDEX(DECKS!$B$2:$B$1201,$H13)) | D13: =IF($H13="","",INDEX(DECKS!$C$2:$C$1201,$H13)) | E13: =IF($H13="","",INDEX(DECKS!$D$2:$D$1201,$H13)) | F13: =IF($H13="","",INDEX(DECKS!$E$2:$E$1201,$H13)) | G13: =IF($H13="","",INDEX(DECKS!$F$2:$F$1201,$H13)) | H13: =IFERROR(MATCH(ROW()-1,DECKS!$O$2:$O$1201,0),"") | I13: =IF(C13="","",G13&" "&D13&" ("&C13&")") | K13: =IF(INDEX(_LEITURA!$Q$2:$Q$21,12)=1,INDEX(_LEITURA!$P$2:$P$21,12),"") | L13: =IF(K13="","",SUMIFS(DECKS!$D$2:$D$1201,DECKS!$A$2:$A$1201,K13)) | M13: =IF(K13="","",SUMIFS(DECKS!$F$2:$F$1201,DECKS!$A$2:$A$1201,K13))
B14: =IF($H14="","",INDEX(DECKS!$A$2:$A$1201,$H14)) | C14: =IF($H14="","",INDEX(DECKS!$B$2:$B$1201,$H14)) | D14: =IF($H14="","",INDEX(DECKS!$C$2:$C$1201,$H14)) | E14: =IF($H14="","",INDEX(DECKS!$D$2:$D$1201,$H14)) | F14: =IF($H14="","",INDEX(DECKS!$E$2:$E$1201,$H14)) | G14: =IF($H14="","",INDEX(DECKS!$F$2:$F$1201,$H14)) | H14: =IFERROR(MATCH(ROW()-1,DECKS!$O$2:$O$1201,0),"") | I14: =IF(C14="","",G14&" "&D14&" ("&C14&")") | K14: =IF(INDEX(_LEITURA!$Q$2:$Q$21,13)=1,INDEX(_LEITURA!$P$2:$P$21,13),"") | L14: =IF(K14="","",SUMIFS(DECKS!$D$2:$D$1201,DECKS!$A$2:$A$1201,K14)) | M14: =IF(K14="","",SUMIFS(DECKS!$F$2:$F$1201,DECKS!$A$2:$A$1201,K14))
B15: =IF($H15="","",INDEX(DECKS!$A$2:$A$1201,$H15)) | C15: =IF($H15="","",INDEX(DECKS!$B$2:$B$1201,$H15)) | D15: =IF($H15="","",INDEX(DECKS!$C$2:$C$1201,$H15)) | E15: =IF($H15="","",INDEX(DECKS!$D$2:$D$1201,$H15)) | F15: =IF($H15="","",INDEX(DECKS!$E$2:$E$1201,$H15)) | G15: =IF($H15="","",INDEX(DECKS!$F$2:$F$1201,$H15)) | H15: =IFERROR(MATCH(ROW()-1,DECKS!$O$2:$O$1201,0),"") | I15: =IF(C15="","",G15&" "&D15&" ("&C15&")") | K15: =IF(INDEX(_LEITURA!$Q$2:$Q$21,14)=1,INDEX(_LEITURA!$P$2:$P$21,14),"") | L15: =IF(K15="","",SUMIFS(DECKS!$D$2:$D$1201,DECKS!$A$2:$A$1201,K15)) | M15: =IF(K15="","",SUMIFS(DECKS!$F$2:$F$1201,DECKS!$A$2:$A$1201,K15))
B16: =IF($H16="","",INDEX(DECKS!$A$2:$A$1201,$H16)) | C16: =IF($H16="","",INDEX(DECKS!$B$2:$B$1201,$H16)) | D16: =IF($H16="","",INDEX(DECKS!$C$2:$C$1201,$H16)) | E16: =IF($H16="","",INDEX(DECKS!$D$2:$D$1201,$H16)) | F16: =IF($H16="","",INDEX(DECKS!$E$2:$E$1201,$H16)) | G16: =IF($H16="","",INDEX(DECKS!$F$2:$F$1201,$H16)) | H16: =IFERROR(MATCH(ROW()-1,DECKS!$O$2:$O$1201,0),"") | I16: =IF(C16="","",G16&" "&D16&" ("&C16&")") | K16: =IF(INDEX(_LEITURA!$Q$2:$Q$21,15)=1,INDEX(_LEITURA!$P$2:$P$21,15),"") | L16: =IF(K16="","",SUMIFS(DECKS!$D$2:$D$1201,DECKS!$A$2:$A$1201,K16)) | M16: =IF(K16="","",SUMIFS(DECKS!$F$2:$F$1201,DECKS!$A$2:$A$1201,K16))
B17: =IF($H17="","",INDEX(DECKS!$A$2:$A$1201,$H17)) | C17: =IF($H17="","",INDEX(DECKS!$B$2:$B$1201,$H17)) | D17: =IF($H17="","",INDEX(DECKS!$C$2:$C$1201,$H17)) | E17: =IF($H17="","",INDEX(DECKS!$D$2:$D$1201,$H17)) | F17: =IF($H17="","",INDEX(DECKS!$E$2:$E$1201,$H17)) | G17: =IF($H17="","",INDEX(DECKS!$F$2:$F$1201,$H17)) | H17: =IFERROR(MATCH(ROW()-1,DECKS!$O$2:$O$1201,0),"") | I17: =IF(C17="","",G17&" "&D17&" ("&C17&")") | K17: =IF(INDEX(_LEITURA!$Q$2:$Q$21,16)=1,INDEX(_LEITURA!$P$2:$P$21,16),"") | L17: =IF(K17="","",SUMIFS(DECKS!$D$2:$D$1201,DECKS!$A$2:$A$1201,K17)) | M17: =IF(K17="","",SUMIFS(DECKS!$F$2:$F$1201,DECKS!$A$2:$A$1201,K17))
B18: =IF($H18="","",INDEX(DECKS!$A$2:$A$1201,$H18)) | C18: =IF($H18="","",INDEX(DECKS!$B$2:$B$1201,$H18)) | D18: =IF($H18="","",INDEX(DECKS!$C$2:$C$1201,$H18)) | E18: =IF($H18="","",INDEX(DECKS!$D$2:$D$1201,$H18)) | F18: =IF($H18="","",INDEX(DECKS!$E$2:$E$1201,$H18)) | G18: =IF($H18="","",INDEX(DECKS!$F$2:$F$1201,$H18)) | H18: =IFERROR(MATCH(ROW()-1,DECKS!$O$2:$O$1201,0),"") | I18: =IF(C18="","",G18&" "&D18&" ("&C18&")") | K18: =IF(INDEX(_LEITURA!$Q$2:$Q$21,17)=1,INDEX(_LEITURA!$P$2:$P$21,17),"") | L18: =IF(K18="","",SUMIFS(DECKS!$D$2:$D$1201,DECKS!$A$2:$A$1201,K18)) | M18: =IF(K18="","",SUMIFS(DECKS!$F$2:$F$1201,DECKS!$A$2:$A$1201,K18))
B19: =IF($H19="","",INDEX(DECKS!$A$2:$A$1201,$H19)) | C19: =IF($H19="","",INDEX(DECKS!$B$2:$B$1201,$H19)) | D19: =IF($H19="","",INDEX(DECKS!$C$2:$C$1201,$H19)) | E19: =IF($H19="","",INDEX(DECKS!$D$2:$D$1201,$H19)) | F19: =IF($H19="","",INDEX(DECKS!$E$2:$E$1201,$H19)) | G19: =IF($H19="","",INDEX(DECKS!$F$2:$F$1201,$H19)) | H19: =IFERROR(MATCH(ROW()-1,DECKS!$O$2:$O$1201,0),"") | I19: =IF(C19="","",G19&" "&D19&" ("&C19&")") | K19: =IF(INDEX(_LEITURA!$Q$2:$Q$21,18)=1,INDEX(_LEITURA!$P$2:$P$21,18),"") | L19: =IF(K19="","",SUMIFS(DECKS!$D$2:$D$1201,DECKS!$A$2:$A$1201,K19)) | M19: =IF(K19="","",SUMIFS(DECKS!$F$2:$F$1201,DECKS!$A$2:$A$1201,K19))
B20: =IF($H20="","",INDEX(DECKS!$A$2:$A$1201,$H20)) | C20: =IF($H20="","",INDEX(DECKS!$B$2:$B$1201,$H20)) | D20: =IF($H20="","",INDEX(DECKS!$C$2:$C$1201,$H20)) | E20: =IF($H20="","",INDEX(DECKS!$D$2:$D$1201,$H20)) | F20: =IF($H20="","",INDEX(DECKS!$E$2:$E$1201,$H20)) | G20: =IF($H20="","",INDEX(DECKS!$F$2:$F$1201,$H20)) | H20: =IFERROR(MATCH(ROW()-1,DECKS!$O$2:$O$1201,0),"") | I20: =IF(C20="","",G20&" "&D20&" ("&C20&")") | K20: =IF(INDEX(_LEITURA!$Q$2:$Q$21,19)=1,INDEX(_LEITURA!$P$2:$P$21,19),"") | L20: =IF(K20="","",SUMIFS(DECKS!$D$2:$D$1201,DECKS!$A$2:$A$1201,K20)) | M20: =IF(K20="","",SUMIFS(DECKS!$F$2:$F$1201,DECKS!$A$2:$A$1201,K20))
B21: =IF($H21="","",INDEX(DECKS!$A$2:$A$1201,$H21)) | C21: =IF($H21="","",INDEX(DECKS!$B$2:$B$1201,$H21)) | D21: =IF($H21="","",INDEX(DECKS!$C$2:$C$1201,$H21)) | E21: =IF($H21="","",INDEX(DECKS!$D$2:$D$1201,$H21)) | F21: =IF($H21="","",INDEX(DECKS!$E$2:$E$1201,$H21)) | G21: =IF($H21="","",INDEX(DECKS!$F$2:$F$1201,$H21)) | H21: =IFERROR(MATCH(ROW()-1,DECKS!$O$2:$O$1201,0),"") | I21: =IF(C21="","",G21&" "&D21&" ("&C21&")") | K21: =IF(INDEX(_LEITURA!$Q$2:$Q$21,20)=1,INDEX(_LEITURA!$P$2:$P$21,20),"") | L21: =IF(K21="","",SUMIFS(DECKS!$D$2:$D$1201,DECKS!$A$2:$A$1201,K21)) | M21: =IF(K21="","",SUMIFS(DECKS!$F$2:$F$1201,DECKS!$A$2:$A$1201,K21))
B22: =IF($H22="","",INDEX(DECKS!$A$2:$A$1201,$H22)) | C22: =IF($H22="","",INDEX(DECKS!$B$2:$B$1201,$H22)) | D22: =IF($H22="","",INDEX(DECKS!$C$2:$C$1201,$H22)) | E22: =IF($H22="","",INDEX(DECKS!$D$2:$D$1201,$H22)) | F22: =IF($H22="","",INDEX(DECKS!$E$2:$E$1201,$H22)) | G22: =IF($H22="","",INDEX(DECKS!$F$2:$F$1201,$H22)) | H22: =IFERROR(MATCH(ROW()-1,DECKS!$O$2:$O$1201,0),"") | I22: =IF(C22="","",G22&" "&D22&" ("&C22&")")
B23: =IF($H23="","",INDEX(DECKS!$A$2:$A$1201,$H23)) | C23: =IF($H23="","",INDEX(DECKS!$B$2:$B$1201,$H23)) | D23: =IF($H23="","",INDEX(DECKS!$C$2:$C$1201,$H23)) | E23: =IF($H23="","",INDEX(DECKS!$D$2:$D$1201,$H23)) | F23: =IF($H23="","",INDEX(DECKS!$E$2:$E$1201,$H23)) | G23: =IF($H23="","",INDEX(DECKS!$F$2:$F$1201,$H23)) | H23: =IFERROR(MATCH(ROW()-1,DECKS!$O$2:$O$1201,0),"") | I23: =IF(C23="","",G23&" "&D23&" ("&C23&")")
B24: =IF($H24="","",INDEX(DECKS!$A$2:$A$1201,$H24)) | C24: =IF($H24="","",INDEX(DECKS!$B$2:$B$1201,$H24)) | D24: =IF($H24="","",INDEX(DECKS!$C$2:$C$1201,$H24)) | E24: =IF($H24="","",INDEX(DECKS!$D$2:$D$1201,$H24)) | F24: =IF($H24="","",INDEX(DECKS!$E$2:$E$1201,$H24)) | G24: =IF($H24="","",INDEX(DECKS!$F$2:$F$1201,$H24)) | H24: =IFERROR(MATCH(ROW()-1,DECKS!$O$2:$O$1201,0),"") | I24: =IF(C24="","",G24&" "&D24&" ("&C24&")")
B25: =IF($H25="","",INDEX(DECKS!$A$2:$A$1201,$H25)) | C25: =IF($H25="","",INDEX(DECKS!$B$2:$B$1201,$H25)) | D25: =IF($H25="","",INDEX(DECKS!$C$2:$C$1201,$H25)) | E25: =IF($H25="","",INDEX(DECKS!$D$2:$D$1201,$H25)) | F25: =IF($H25="","",INDEX(DECKS!$E$2:$E$1201,$H25)) | G25: =IF($H25="","",INDEX(DECKS!$F$2:$F$1201,$H25)) | H25: =IFERROR(MATCH(ROW()-1,DECKS!$O$2:$O$1201,0),"") | I25: =IF(C25="","",G25&" "&D25&" ("&C25&")")
B26: =IF($H26="","",INDEX(DECKS!$A$2:$A$1201,$H26)) | C26: =IF($H26="","",INDEX(DECKS!$B$2:$B$1201,$H26)) | D26: =IF($H26="","",INDEX(DECKS!$C$2:$C$1201,$H26)) | E26: =IF($H26="","",INDEX(DECKS!$D$2:$D$1201,$H26)) | F26: =IF($H26="","",INDEX(DECKS!$E$2:$E$1201,$H26)) | G26: =IF($H26="","",INDEX(DECKS!$F$2:$F$1201,$H26)) | H26: =IFERROR(MATCH(ROW()-1,DECKS!$O$2:$O$1201,0),"") | I26: =IF(C26="","",G26&" "&D26&" ("&C26&")")
B27: =IF($H27="","",INDEX(DECKS!$A$2:$A$1201,$H27)) | C27: =IF($H27="","",INDEX(DECKS!$B$2:$B$1201,$H27)) | D27: =IF($H27="","",INDEX(DECKS!$C$2:$C$1201,$H27)) | E27: =IF($H27="","",INDEX(DECKS!$D$2:$D$1201,$H27)) | F27: =IF($H27="","",INDEX(DECKS!$E$2:$E$1201,$H27)) | G27: =IF($H27="","",INDEX(DECKS!$F$2:$F$1201,$H27)) | H27: =IFERROR(MATCH(ROW()-1,DECKS!$O$2:$O$1201,0),"") | I27: =IF(C27="","",G27&" "&D27&" ("&C27&")")
B28: =IF($H28="","",INDEX(DECKS!$A$2:$A$1201,$H28)) | C28: =IF($H28="","",INDEX(DECKS!$B$2:$B$1201,$H28)) | D28: =IF($H28="","",INDEX(DECKS!$C$2:$C$1201,$H28)) | E28: =IF($H28="","",INDEX(DECKS!$D$2:$D$1201,$H28)) | F28: =IF($H28="","",INDEX(DECKS!$E$2:$E$1201,$H28)) | G28: =IF($H28="","",INDEX(DECKS!$F$2:$F$1201,$H28)) | H28: =IFERROR(MATCH(ROW()-1,DECKS!$O$2:$O$1201,0),"") | I28: =IF(C28="","",G28&" "&D28&" ("&C28&")")
B29: =IF($H29="","",INDEX(DECKS!$A$2:$A$1201,$H29)) | C29: =IF($H29="","",INDEX(DECKS!$B$2:$B$1201,$H29)) | D29: =IF($H29="","",INDEX(DECKS!$C$2:$C$1201,$H29)) | E29: =IF($H29="","",INDEX(DECKS!$D$2:$D$1201,$H29)) | F29: =IF($H29="","",INDEX(DECKS!$E$2:$E$1201,$H29)) | G29: =IF($H29="","",INDEX(DECKS!$F$2:$F$1201,$H29)) | H29: =IFERROR(MATCH(ROW()-1,DECKS!$O$2:$O$1201,0),"") | I29: =IF(C29="","",G29&" "&D29&" ("&C29&")")
B30: =IF($H30="","",INDEX(DECKS!$A$2:$A$1201,$H30)) | C30: =IF($H30="","",INDEX(DECKS!$B$2:$B$1201,$H30)) | D30: =IF($H30="","",INDEX(DECKS!$C$2:$C$1201,$H30)) | E30: =IF($H30="","",INDEX(DECKS!$D$2:$D$1201,$H30)) | F30: =IF($H30="","",INDEX(DECKS!$E$2:$E$1201,$H30)) | G30: =IF($H30="","",INDEX(DECKS!$F$2:$F$1201,$H30)) | H30: =IFERROR(MATCH(ROW()-1,DECKS!$O$2:$O$1201,0),"") | I30: =IF(C30="","",G30&" "&D30&" ("&C30&")")
B31: =IF($H31="","",INDEX(DECKS!$A$2:$A$1201,$H31)) | C31: =IF($H31="","",INDEX(DECKS!$B$2:$B$1201,$H31)) | D31: =IF($H31="","",INDEX(DECKS!$C$2:$C$1201,$H31)) | E31: =IF($H31="","",INDEX(DECKS!$D$2:$D$1201,$H31)) | F31: =IF($H31="","",INDEX(DECKS!$E$2:$E$1201,$H31)) | G31: =IF($H31="","",INDEX(DECKS!$F$2:$F$1201,$H31)) | H31: =IFERROR(MATCH(ROW()-1,DECKS!$O$2:$O$1201,0),"") | I31: =IF(C31="","",G31&" "&D31&" ("&C31&")")
B32: =IF($H32="","",INDEX(DECKS!$A$2:$A$1201,$H32)) | C32: =IF($H32="","",INDEX(DECKS!$B$2:$B$1201,$H32)) | D32: =IF($H32="","",INDEX(DECKS!$C$2:$C$1201,$H32)) | E32: =IF($H32="","",INDEX(DECKS!$D$2:$D$1201,$H32)) | F32: =IF($H32="","",INDEX(DECKS!$E$2:$E$1201,$H32)) | G32: =IF($H32="","",INDEX(DECKS!$F$2:$F$1201,$H32)) | H32: =IFERROR(MATCH(ROW()-1,DECKS!$O$2:$O$1201,0),"") | I32: =IF(C32="","",G32&" "&D32&" ("&C32&")")
B33: =IF($H33="","",INDEX(DECKS!$A$2:$A$1201,$H33)) | C33: =IF($H33="","",INDEX(DECKS!$B$2:$B$1201,$H33)) | D33: =IF($H33="","",INDEX(DECKS!$C$2:$C$1201,$H33)) | E33: =IF($H33="","",INDEX(DECKS!$D$2:$D$1201,$H33)) | F33: =IF($H33="","",INDEX(DECKS!$E$2:$E$1201,$H33)) | G33: =IF($H33="","",INDEX(DECKS!$F$2:$F$1201,$H33)) | H33: =IFERROR(MATCH(ROW()-1,DECKS!$O$2:$O$1201,0),"") | I33: =IF(C33="","",G33&" "&D33&" ("&C33&")")
... B1201: =IF($H1201="","",INDEX(DECKS!$A$2:$A$1201,$H1201)) | C1201: =IF($H1201="","",INDEX(DECKS!$B$2:$B$1201,$H1201)) | D1201: =IF($H1201="","",INDEX(DECKS!$C$2:$C$1201,$H1201)) | E1201: =IF($H1201="","",INDEX(DECKS!$D$2:$D$1201,$H1201)) | F1201: =IF($H1201="","",INDEX(DECKS!$E$2:$E$1201,$H1201)) | G1201: =IF($H1201="","",INDEX(DECKS!$F$2:$F$1201,$H1201)) | H1201: =IFERROR(MATCH(ROW()-1,DECKS!$O$2:$O$1201,0),"") | I1201: =IF(C1201="","",G1201&" "&D1201&" ("&C1201&")")

Sheet FALTAS GERAL
A1: Foto | B1: Código | C1: Nome | D1: Tenho | E1: Necessidade Total | F1: Falta | G1: Nº de decks | H1: Compartilhada? | I1: Pos (aux) | J1: Lista p/ Liga Digimon | L1: Ordenar por: | M1: Ordem de cadastro (padrão)
B2: =IF($I2="","",INDEX(CONSOLIDADO!$A$2:$A$801,$I2)) | C2: =IF($I2="","",INDEX(CONSOLIDADO!$B$2:$B$801,$I2)) | D2: =IF($I2="","",INDEX(CONSOLIDADO!$C$2:$C$801,$I2)) | E2: =IF($I2="","",INDEX(CONSOLIDADO!$D$2:$D$801,$I2)) | F2: =IF($I2="","",INDEX(CONSOLIDADO!$E$2:$E$801,$I2)) | G2: =IF($I2="","",INDEX(CONSOLIDADO!$G$2:$G$801,$I2)) | H2: =IF($I2="","",INDEX(CONSOLIDADO!$H$2:$H$801,$I2)) | I2: =IFERROR(MATCH(ROW()-1,CONSOLIDADO!$AJ$2:$AJ$801,0),"") | J2: =IF(B2="","",F2&" "&C2&" ("&B2&")")
B3: =IF($I3="","",INDEX(CONSOLIDADO!$A$2:$A$801,$I3)) | C3: =IF($I3="","",INDEX(CONSOLIDADO!$B$2:$B$801,$I3)) | D3: =IF($I3="","",INDEX(CONSOLIDADO!$C$2:$C$801,$I3)) | E3: =IF($I3="","",INDEX(CONSOLIDADO!$D$2:$D$801,$I3)) | F3: =IF($I3="","",INDEX(CONSOLIDADO!$E$2:$E$801,$I3)) | G3: =IF($I3="","",INDEX(CONSOLIDADO!$G$2:$G$801,$I3)) | H3: =IF($I3="","",INDEX(CONSOLIDADO!$H$2:$H$801,$I3)) | I3: =IFERROR(MATCH(ROW()-1,CONSOLIDADO!$AJ$2:$AJ$801,0),"") | J3: =IF(B3="","",F3&" "&C3&" ("&B3&")") | L3: Todas as cartas que faltam para montar todos os decks, de uma vez (útil para procurar no bulk pela foto).
B4: =IF($I4="","",INDEX(CONSOLIDADO!$A$2:$A$801,$I4)) | C4: =IF($I4="","",INDEX(CONSOLIDADO!$B$2:$B$801,$I4)) | D4: =IF($I4="","",INDEX(CONSOLIDADO!$C$2:$C$801,$I4)) | E4: =IF($I4="","",INDEX(CONSOLIDADO!$D$2:$D$801,$I4)) | F4: =IF($I4="","",INDEX(CONSOLIDADO!$E$2:$E$801,$I4)) | G4: =IF($I4="","",INDEX(CONSOLIDADO!$G$2:$G$801,$I4)) | H4: =IF($I4="","",INDEX(CONSOLIDADO!$H$2:$H$801,$I4)) | I4: =IFERROR(MATCH(ROW()-1,CONSOLIDADO!$AJ$2:$AJ$801,0),"") | J4: =IF(B4="","",F4&" "&C4&" ("&B4&")")
B5: =IF($I5="","",INDEX(CONSOLIDADO!$A$2:$A$801,$I5)) | C5: =IF($I5="","",INDEX(CONSOLIDADO!$B$2:$B$801,$I5)) | D5: =IF($I5="","",INDEX(CONSOLIDADO!$C$2:$C$801,$I5)) | E5: =IF($I5="","",INDEX(CONSOLIDADO!$D$2:$D$801,$I5)) | F5: =IF($I5="","",INDEX(CONSOLIDADO!$E$2:$E$801,$I5)) | G5: =IF($I5="","",INDEX(CONSOLIDADO!$G$2:$G$801,$I5)) | H5: =IF($I5="","",INDEX(CONSOLIDADO!$H$2:$H$801,$I5)) | I5: =IFERROR(MATCH(ROW()-1,CONSOLIDADO!$AJ$2:$AJ$801,0),"") | J5: =IF(B5="","",F5&" "&C5&" ("&B5&")")
B6: =IF($I6="","",INDEX(CONSOLIDADO!$A$2:$A$801,$I6)) | C6: =IF($I6="","",INDEX(CONSOLIDADO!$B$2:$B$801,$I6)) | D6: =IF($I6="","",INDEX(CONSOLIDADO!$C$2:$C$801,$I6)) | E6: =IF($I6="","",INDEX(CONSOLIDADO!$D$2:$D$801,$I6)) | F6: =IF($I6="","",INDEX(CONSOLIDADO!$E$2:$E$801,$I6)) | G6: =IF($I6="","",INDEX(CONSOLIDADO!$G$2:$G$801,$I6)) | H6: =IF($I6="","",INDEX(CONSOLIDADO!$H$2:$H$801,$I6)) | I6: =IFERROR(MATCH(ROW()-1,CONSOLIDADO!$AJ$2:$AJ$801,0),"") | J6: =IF(B6="","",F6&" "&C6&" ("&B6&")")
B7: =IF($I7="","",INDEX(CONSOLIDADO!$A$2:$A$801,$I7)) | C7: =IF($I7="","",INDEX(CONSOLIDADO!$B$2:$B$801,$I7)) | D7: =IF($I7="","",INDEX(CONSOLIDADO!$C$2:$C$801,$I7)) | E7: =IF($I7="","",INDEX(CONSOLIDADO!$D$2:$D$801,$I7)) | F7: =IF($I7="","",INDEX(CONSOLIDADO!$E$2:$E$801,$I7)) | G7: =IF($I7="","",INDEX(CONSOLIDADO!$G$2:$G$801,$I7)) | H7: =IF($I7="","",INDEX(CONSOLIDADO!$H$2:$H$801,$I7)) | I7: =IFERROR(MATCH(ROW()-1,CONSOLIDADO!$AJ$2:$AJ$801,0),"") | J7: =IF(B7="","",F7&" "&C7&" ("&B7&")")
B8: =IF($I8="","",INDEX(CONSOLIDADO!$A$2:$A$801,$I8)) | C8: =IF($I8="","",INDEX(CONSOLIDADO!$B$2:$B$801,$I8)) | D8: =IF($I8="","",INDEX(CONSOLIDADO!$C$2:$C$801,$I8)) | E8: =IF($I8="","",INDEX(CONSOLIDADO!$D$2:$D$801,$I8)) | F8: =IF($I8="","",INDEX(CONSOLIDADO!$E$2:$E$801,$I8)) | G8: =IF($I8="","",INDEX(CONSOLIDADO!$G$2:$G$801,$I8)) | H8: =IF($I8="","",INDEX(CONSOLIDADO!$H$2:$H$801,$I8)) | I8: =IFERROR(MATCH(ROW()-1,CONSOLIDADO!$AJ$2:$AJ$801,0),"") | J8: =IF(B8="","",F8&" "&C8&" ("&B8&")")
B9: =IF($I9="","",INDEX(CONSOLIDADO!$A$2:$A$801,$I9)) | C9: =IF($I9="","",INDEX(CONSOLIDADO!$B$2:$B$801,$I9)) | D9: =IF($I9="","",INDEX(CONSOLIDADO!$C$2:$C$801,$I9)) | E9: =IF($I9="","",INDEX(CONSOLIDADO!$D$2:$D$801,$I9)) | F9: =IF($I9="","",INDEX(CONSOLIDADO!$E$2:$E$801,$I9)) | G9: =IF($I9="","",INDEX(CONSOLIDADO!$G$2:$G$801,$I9)) | H9: =IF($I9="","",INDEX(CONSOLIDADO!$H$2:$H$801,$I9)) | I9: =IFERROR(MATCH(ROW()-1,CONSOLIDADO!$AJ$2:$AJ$801,0),"") | J9: =IF(B9="","",F9&" "&C9&" ("&B9&")")
B10: =IF($I10="","",INDEX(CONSOLIDADO!$A$2:$A$801,$I10)) | C10: =IF($I10="","",INDEX(CONSOLIDADO!$B$2:$B$801,$I10)) | D10: =IF($I10="","",INDEX(CONSOLIDADO!$C$2:$C$801,$I10)) | E10: =IF($I10="","",INDEX(CONSOLIDADO!$D$2:$D$801,$I10)) | F10: =IF($I10="","",INDEX(CONSOLIDADO!$E$2:$E$801,$I10)) | G10: =IF($I10="","",INDEX(CONSOLIDADO!$G$2:$G$801,$I10)) | H10: =IF($I10="","",INDEX(CONSOLIDADO!$H$2:$H$801,$I10)) | I10: =IFERROR(MATCH(ROW()-1,CONSOLIDADO!$AJ$2:$AJ$801,0),"") | J10: =IF(B10="","",F10&" "&C10&" ("&B10&")")
B11: =IF($I11="","",INDEX(CONSOLIDADO!$A$2:$A$801,$I11)) | C11: =IF($I11="","",INDEX(CONSOLIDADO!$B$2:$B$801,$I11)) | D11: =IF($I11="","",INDEX(CONSOLIDADO!$C$2:$C$801,$I11)) | E11: =IF($I11="","",INDEX(CONSOLIDADO!$D$2:$D$801,$I11)) | F11: =IF($I11="","",INDEX(CONSOLIDADO!$E$2:$E$801,$I11)) | G11: =IF($I11="","",INDEX(CONSOLIDADO!$G$2:$G$801,$I11)) | H11: =IF($I11="","",INDEX(CONSOLIDADO!$H$2:$H$801,$I11)) | I11: =IFERROR(MATCH(ROW()-1,CONSOLIDADO!$AJ$2:$AJ$801,0),"") | J11: =IF(B11="","",F11&" "&C11&" ("&B11&")")
B12: =IF($I12="","",INDEX(CONSOLIDADO!$A$2:$A$801,$I12)) | C12: =IF($I12="","",INDEX(CONSOLIDADO!$B$2:$B$801,$I12)) | D12: =IF($I12="","",INDEX(CONSOLIDADO!$C$2:$C$801,$I12)) | E12: =IF($I12="","",INDEX(CONSOLIDADO!$D$2:$D$801,$I12)) | F12: =IF($I12="","",INDEX(CONSOLIDADO!$E$2:$E$801,$I12)) | G12: =IF($I12="","",INDEX(CONSOLIDADO!$G$2:$G$801,$I12)) | H12: =IF($I12="","",INDEX(CONSOLIDADO!$H$2:$H$801,$I12)) | I12: =IFERROR(MATCH(ROW()-1,CONSOLIDADO!$AJ$2:$AJ$801,0),"") | J12: =IF(B12="","",F12&" "&C12&" ("&B12&")")
B13: =IF($I13="","",INDEX(CONSOLIDADO!$A$2:$A$801,$I13)) | C13: =IF($I13="","",INDEX(CONSOLIDADO!$B$2:$B$801,$I13)) | D13: =IF($I13="","",INDEX(CONSOLIDADO!$C$2:$C$801,$I13)) | E13: =IF($I13="","",INDEX(CONSOLIDADO!$D$2:$D$801,$I13)) | F13: =IF($I13="","",INDEX(CONSOLIDADO!$E$2:$E$801,$I13)) | G13: =IF($I13="","",INDEX(CONSOLIDADO!$G$2:$G$801,$I13)) | H13: =IF($I13="","",INDEX(CONSOLIDADO!$H$2:$H$801,$I13)) | I13: =IFERROR(MATCH(ROW()-1,CONSOLIDADO!$AJ$2:$AJ$801,0),"") | J13: =IF(B13="","",F13&" "&C13&" ("&B13&")")
B14: =IF($I14="","",INDEX(CONSOLIDADO!$A$2:$A$801,$I14)) | C14: =IF($I14="","",INDEX(CONSOLIDADO!$B$2:$B$801,$I14)) | D14: =IF($I14="","",INDEX(CONSOLIDADO!$C$2:$C$801,$I14)) | E14: =IF($I14="","",INDEX(CONSOLIDADO!$D$2:$D$801,$I14)) | F14: =IF($I14="","",INDEX(CONSOLIDADO!$E$2:$E$801,$I14)) | G14: =IF($I14="","",INDEX(CONSOLIDADO!$G$2:$G$801,$I14)) | H14: =IF($I14="","",INDEX(CONSOLIDADO!$H$2:$H$801,$I14)) | I14: =IFERROR(MATCH(ROW()-1,CONSOLIDADO!$AJ$2:$AJ$801,0),"") | J14: =IF(B14="","",F14&" "&C14&" ("&B14&")")
B15: =IF($I15="","",INDEX(CONSOLIDADO!$A$2:$A$801,$I15)) | C15: =IF($I15="","",INDEX(CONSOLIDADO!$B$2:$B$801,$I15)) | D15: =IF($I15="","",INDEX(CONSOLIDADO!$C$2:$C$801,$I15)) | E15: =IF($I15="","",INDEX(CONSOLIDADO!$D$2:$D$801,$I15)) | F15: =IF($I15="","",INDEX(CONSOLIDADO!$E$2:$E$801,$I15)) | G15: =IF($I15="","",INDEX(CONSOLIDADO!$G$2:$G$801,$I15)) | H15: =IF($I15="","",INDEX(CONSOLIDADO!$H$2:$H$801,$I15)) | I15: =IFERROR(MATCH(ROW()-1,CONSOLIDADO!$AJ$2:$AJ$801,0),"") | J15: =IF(B15="","",F15&" "&C15&" ("&B15&")")
... B801: =IF($I801="","",INDEX(CONSOLIDADO!$A$2:$A$801,$I801)) | C801: =IF($I801="","",INDEX(CONSOLIDADO!$B$2:$B$801,$I801)) | D801: =IF($I801="","",INDEX(CONSOLIDADO!$C$2:$C$801,$I801)) | E801: =IF($I801="","",INDEX(CONSOLIDADO!$D$2:$D$801,$I801)) | F801: =IF($I801="","",INDEX(CONSOLIDADO!$E$2:$E$801,$I801)) | G801: =IF($I801="","",INDEX(CONSOLIDADO!$G$2:$G$801,$I801)) | H801: =IF($I801="","",INDEX(CONSOLIDADO!$H$2:$H$801,$I801)) | I801: =IFERROR(MATCH(ROW()-1,CONSOLIDADO!$AJ$2:$AJ$801,0),"") | J801: =IF(B801="","",F801&" "&C801&" ("&B801&")")

Sheet BULK
A1: (Todas as cartas) | B1: =IF(A1="","Escolha um deck em A1",IF(A1="(Todas as cartas)",IF(COUNTIF('FALTAS GERAL'!$B$2:$B$801,"?*")=0,"Nenhuma carta falta",COUNTIF('FALTAS GERAL'!$B$2:$B$801,"?*")&" cartas diferentes · "&SUM(K2:K101)&" cópias faltando (todos os decks)"&IF(COUNTIF('FALTAS GERAL'!$B$2:$B$801,"?*")>100," (mostrando as primeiras 100)","")),IF(COUNTIF(DECKS!$A$2:$A$1201,A1)=0,"Deck não encontrado",IF(MAX(DECKS!$J$2:$J$1201)=0,"Nenhuma carta falta neste deck",MAX(DECKS!$J$2:$J$1201)&" cartas diferentes · "&SUM(K2:K101)&" cópias faltando"&IF(MAX(DECKS!$J$2:$J$1201)>100," (mostrando as primeiras 100)",""))))) -> Nenhuma carta falta | H1: Pos (aux) | I1: Código | J1: Nome | K1: Falta | L1: Necessário | M1: Tenho | O1: Lista do filtro (aux)
H2: =IF($A$1="(Todas as cartas)",IFERROR(MATCH(1,CONSOLIDADO!$AK$2:$AK$801,0),""),IFERROR(MATCH(1,DECKS!$J$2:$J$1201,0),"")) | I2: =IF($H2="","",IF($A$1="(Todas as cartas)",INDEX(CONSOLIDADO!$A$2:$A$801,$H2),INDEX(DECKS!$B$2:$B$1201,$H2))) | J2: =IF($H2="","",IF($A$1="(Todas as cartas)",INDEX(CONSOLIDADO!$B$2:$B$801,$H2),INDEX(DECKS!$C$2:$C$1201,$H2))) | K2: =IF($H2="","",IF($A$1="(Todas as cartas)",INDEX(CONSOLIDADO!$E$2:$E$801,$H2),INDEX(DECKS!$F$2:$F$1201,$H2))) | L2: =IF($H2="","",IF($A$1="(Todas as cartas)",INDEX(CONSOLIDADO!$D$2:$D$801,$H2),INDEX(DECKS!$D$2:$D$1201,$H2))) | M2: =IF($H2="","",IF($A$1="(Todas as cartas)",INDEX(CONSOLIDADO!$C$2:$C$801,$H2),INDEX(DECKS!$E$2:$E$1201,$H2))) | O2: (Todas as cartas)
A3: =IF($I2="","",$I2&" · "&$J2&CHAR(10)&"Falta "&$K2&" · Tenho "&$M2&" · Nec. "&$L2) | B3: =IF($I3="","",$I3&" · "&$J3&CHAR(10)&"Falta "&$K3&" · Tenho "&$M3&" · Nec. "&$L3) | C3: =IF($I4="","",$I4&" · "&$J4&CHAR(10)&"Falta "&$K4&" · Tenho "&$M4&" · Nec. "&$L4) | D3: =IF($I5="","",$I5&" · "&$J5&CHAR(10)&"Falta "&$K5&" · Tenho "&$M5&" · Nec. "&$L5) | E3: =IF($I6="","",$I6&" · "&$J6&CHAR(10)&"Falta "&$K6&" · Tenho "&$M6&" · Nec. "&$L6) | H3: =IF($A$1="(Todas as cartas)",IFERROR(MATCH(2,CONSOLIDADO!$AK$2:$AK$801,0),""),IFERROR(MATCH(2,DECKS!$J$2:$J$1201,0),"")) | I3: =IF($H3="","",IF($A$1="(Todas as cartas)",INDEX(CONSOLIDADO!$A$2:$A$801,$H3),INDEX(DECKS!$B$2:$B$1201,$H3))) | J3: =IF($H3="","",IF($A$1="(Todas as cartas)",INDEX(CONSOLIDADO!$B$2:$B$801,$H3),INDEX(DECKS!$C$2:$C$1201,$H3))) | K3: =IF($H3="","",IF($A$1="(Todas as cartas)",INDEX(CONSOLIDADO!$E$2:$E$801,$H3),INDEX(DECKS!$F$2:$F$1201,$H3))) | L3: =IF($H3="","",IF($A$1="(Todas as cartas)",INDEX(CONSOLIDADO!$D$2:$D$801,$H3),INDEX(DECKS!$D$2:$D$1201,$H3))) | M3: =IF($H3="","",IF($A$1="(Todas as cartas)",INDEX(CONSOLIDADO!$C$2:$C$801,$H3),INDEX(DECKS!$E$2:$E$1201,$H3))) | O3: ='FALTAS POR DECK'!K2
H4: =IF($A$1="(Todas as cartas)",IFERROR(MATCH(3,CONSOLIDADO!$AK$2:$AK$801,0),""),IFERROR(MATCH(3,DECKS!$J$2:$J$1201,0),"")) | I4: =IF($H4="","",IF($A$1="(Todas as cartas)",INDEX(CONSOLIDADO!$A$2:$A$801,$H4),INDEX(DECKS!$B$2:$B$1201,$H4))) | J4: =IF($H4="","",IF($A$1="(Todas as cartas)",INDEX(CONSOLIDADO!$B$2:$B$801,$H4),INDEX(DECKS!$C$2:$C$1201,$H4))) | K4: =IF($H4="","",IF($A$1="(Todas as cartas)",INDEX(CONSOLIDADO!$E$2:$E$801,$H4),INDEX(DECKS!$F$2:$F$1201,$H4))) | L4: =IF($H4="","",IF($A$1="(Todas as cartas)",INDEX(CONSOLIDADO!$D$2:$D$801,$H4),INDEX(DECKS!$D$2:$D$1201,$H4))) | M4: =IF($H4="","",IF($A$1="(Todas as cartas)",INDEX(CONSOLIDADO!$C$2:$C$801,$H4),INDEX(DECKS!$E$2:$E$1201,$H4))) | O4: ='FALTAS POR DECK'!K3
A5: =IF($I7="","",$I7&" · "&$J7&CHAR(10)&"Falta "&$K7&" · Tenho "&$M7&" · Nec. "&$L7) | B5: =IF($I8="","",$I8&" · "&$J8&CHAR(10)&"Falta "&$K8&" · Tenho "&$M8&" · Nec. "&$L8) | C5: =IF($I9="","",$I9&" · "&$J9&CHAR(10)&"Falta "&$K9&" · Tenho "&$M9&" · Nec. "&$L9) | D5: =IF($I10="","",$I10&" · "&$J10&CHAR(10)&"Falta "&$K10&" · Tenho "&$M10&" · Nec. "&$L10) | E5: =IF($I11="","",$I11&" · "&$J11&CHAR(10)&"Falta "&$K11&" · Tenho "&$M11&" · Nec. "&$L11) | H5: =IF($A$1="(Todas as cartas)",IFERROR(MATCH(4,CONSOLIDADO!$AK$2:$AK$801,0),""),IFERROR(MATCH(4,DECKS!$J$2:$J$1201,0),"")) | I5: =IF($H5="","",IF($A$1="(Todas as cartas)",INDEX(CONSOLIDADO!$A$2:$A$801,$H5),INDEX(DECKS!$B$2:$B$1201,$H5))) | J5: =IF($H5="","",IF($A$1="(Todas as cartas)",INDEX(CONSOLIDADO!$B$2:$B$801,$H5),INDEX(DECKS!$C$2:$C$1201,$H5))) | K5: =IF($H5="","",IF($A$1="(Todas as cartas)",INDEX(CONSOLIDADO!$E$2:$E$801,$H5),INDEX(DECKS!$F$2:$F$1201,$H5))) | L5: =IF($H5="","",IF($A$1="(Todas as cartas)",INDEX(CONSOLIDADO!$D$2:$D$801,$H5),INDEX(DECKS!$D$2:$D$1201,$H5))) | M5: =IF($H5="","",IF($A$1="(Todas as cartas)",INDEX(CONSOLIDADO!$C$2:$C$801,$H5),INDEX(DECKS!$E$2:$E$1201,$H5))) | O5: ='FALTAS POR DECK'!K4
H6: =IF($A$1="(Todas as cartas)",IFERROR(MATCH(5,CONSOLIDADO!$AK$2:$AK$801,0),""),IFERROR(MATCH(5,DECKS!$J$2:$J$1201,0),"")) | I6: =IF($H6="","",IF($A$1="(Todas as cartas)",INDEX(CONSOLIDADO!$A$2:$A$801,$H6),INDEX(DECKS!$B$2:$B$1201,$H6))) | J6: =IF($H6="","",IF($A$1="(Todas as cartas)",INDEX(CONSOLIDADO!$B$2:$B$801,$H6),INDEX(DECKS!$C$2:$C$1201,$H6))) | K6: =IF($H6="","",IF($A$1="(Todas as cartas)",INDEX(CONSOLIDADO!$E$2:$E$801,$H6),INDEX(DECKS!$F$2:$F$1201,$H6))) | L6: =IF($H6="","",IF($A$1="(Todas as cartas)",INDEX(CONSOLIDADO!$D$2:$D$801,$H6),INDEX(DECKS!$D$2:$D$1201,$H6))) | M6: =IF($H6="","",IF($A$1="(Todas as cartas)",INDEX(CONSOLIDADO!$C$2:$C$801,$H6),INDEX(DECKS!$E$2:$E$1201,$H6))) | O6: ='FALTAS POR DECK'!K5
A7: =IF($I12="","",$I12&" · "&$J12&CHAR(10)&"Falta "&$K12&" · Tenho "&$M12&" · Nec. "&$L12) | B7: =IF($I13="","",$I13&" · "&$J13&CHAR(10)&"Falta "&$K13&" · Tenho "&$M13&" · Nec. "&$L13) | C7: =IF($I14="","",$I14&" · "&$J14&CHAR(10)&"Falta "&$K14&" · Tenho "&$M14&" · Nec. "&$L14) | D7: =IF($I15="","",$I15&" · "&$J15&CHAR(10)&"Falta "&$K15&" · Tenho "&$M15&" · Nec. "&$L15) | E7: =IF($I16="","",$I16&" · "&$J16&CHAR(10)&"Falta "&$K16&" · Tenho "&$M16&" · Nec. "&$L16) | H7: =IF($A$1="(Todas as cartas)",IFERROR(MATCH(6,CONSOLIDADO!$AK$2:$AK$801,0),""),IFERROR(MATCH(6,DECKS!$J$2:$J$1201,0),"")) | I7: =IF($H7="","",IF($A$1="(Todas as cartas)",INDEX(CONSOLIDADO!$A$2:$A$801,$H7),INDEX(DECKS!$B$2:$B$1201,$H7))) | J7: =IF($H7="","",IF($A$1="(Todas as cartas)",INDEX(CONSOLIDADO!$B$2:$B$801,$H7),INDEX(DECKS!$C$2:$C$1201,$H7))) | K7: =IF($H7="","",IF($A$1="(Todas as cartas)",INDEX(CONSOLIDADO!$E$2:$E$801,$H7),INDEX(DECKS!$F$2:$F$1201,$H7))) | L7: =IF($H7="","",IF($A$1="(Todas as cartas)",INDEX(CONSOLIDADO!$D$2:$D$801,$H7),INDEX(DECKS!$D$2:$D$1201,$H7))) | M7: =IF($H7="","",IF($A$1="(Todas as cartas)",INDEX(CONSOLIDADO!$C$2:$C$801,$H7),INDEX(DECKS!$E$2:$E$1201,$H7))) | O7: ='FALTAS POR DECK'!K6
H8: =IF($A$1="(Todas as cartas)",IFERROR(MATCH(7,CONSOLIDADO!$AK$2:$AK$801,0),""),IFERROR(MATCH(7,DECKS!$J$2:$J$1201,0),"")) | I8: =IF($H8="","",IF($A$1="(Todas as cartas)",INDEX(CONSOLIDADO!$A$2:$A$801,$H8),INDEX(DECKS!$B$2:$B$1201,$H8))) | J8: =IF($H8="","",IF($A$1="(Todas as cartas)",INDEX(CONSOLIDADO!$B$2:$B$801,$H8),INDEX(DECKS!$C$2:$C$1201,$H8))) | K8: =IF($H8="","",IF($A$1="(Todas as cartas)",INDEX(CONSOLIDADO!$E$2:$E$801,$H8),INDEX(DECKS!$F$2:$F$1201,$H8))) | L8: =IF($H8="","",IF($A$1="(Todas as cartas)",INDEX(CONSOLIDADO!$D$2:$D$801,$H8),INDEX(DECKS!$D$2:$D$1201,$H8))) | M8: =IF($H8="","",IF($A$1="(Todas as cartas)",INDEX(CONSOLIDADO!$C$2:$C$801,$H8),INDEX(DECKS!$E$2:$E$1201,$H8))) | O8: ='FALTAS POR DECK'!K7
A9: =IF($I17="","",$I17&" · "&$J17&CHAR(10)&"Falta "&$K17&" · Tenho "&$M17&" · Nec. "&$L17) | B9: =IF($I18="","",$I18&" · "&$J18&CHAR(10)&"Falta "&$K18&" · Tenho "&$M18&" · Nec. "&$L18) | C9: =IF($I19="","",$I19&" · "&$J19&CHAR(10)&"Falta "&$K19&" · Tenho "&$M19&" · Nec. "&$L19) | D9: =IF($I20="","",$I20&" · "&$J20&CHAR(10)&"Falta "&$K20&" · Tenho "&$M20&" · Nec. "&$L20) | E9: =IF($I21="","",$I21&" · "&$J21&CHAR(10)&"Falta "&$K21&" · Tenho "&$M21&" · Nec. "&$L21) | H9: =IF($A$1="(Todas as cartas)",IFERROR(MATCH(8,CONSOLIDADO!$AK$2:$AK$801,0),""),IFERROR(MATCH(8,DECKS!$J$2:$J$1201,0),"")) | I9: =IF($H9="","",IF($A$1="(Todas as cartas)",INDEX(CONSOLIDADO!$A$2:$A$801,$H9),INDEX(DECKS!$B$2:$B$1201,$H9))) | J9: =IF($H9="","",IF($A$1="(Todas as cartas)",INDEX(CONSOLIDADO!$B$2:$B$801,$H9),INDEX(DECKS!$C$2:$C$1201,$H9))) | K9: =IF($H9="","",IF($A$1="(Todas as cartas)",INDEX(CONSOLIDADO!$E$2:$E$801,$H9),INDEX(DECKS!$F$2:$F$1201,$H9))) | L9: =IF($H9="","",IF($A$1="(Todas as cartas)",INDEX(CONSOLIDADO!$D$2:$D$801,$H9),INDEX(DECKS!$D$2:$D$1201,$H9))) | M9: =IF($H9="","",IF($A$1="(Todas as cartas)",INDEX(CONSOLIDADO!$C$2:$C$801,$H9),INDEX(DECKS!$E$2:$E$1201,$H9))) | O9: ='FALTAS POR DECK'!K8
H10: =IF($A$1="(Todas as cartas)",IFERROR(MATCH(9,CONSOLIDADO!$AK$2:$AK$801,0),""),IFERROR(MATCH(9,DECKS!$J$2:$J$1201,0),"")) | I10: =IF($H10="","",IF($A$1="(Todas as cartas)",INDEX(CONSOLIDADO!$A$2:$A$801,$H10),INDEX(DECKS!$B$2:$B$1201,$H10))) | J10: =IF($H10="","",IF($A$1="(Todas as cartas)",INDEX(CONSOLIDADO!$B$2:$B$801,$H10),INDEX(DECKS!$C$2:$C$1201,$H10))) | K10: =IF($H10="","",IF($A$1="(Todas as cartas)",INDEX(CONSOLIDADO!$E$2:$E$801,$H10),INDEX(DECKS!$F$2:$F$1201,$H10))) | L10: =IF($H10="","",IF($A$1="(Todas as cartas)",INDEX(CONSOLIDADO!$D$2:$D$801,$H10),INDEX(DECKS!$D$2:$D$1201,$H10))) | M10: =IF($H10="","",IF($A$1="(Todas as cartas)",INDEX(CONSOLIDADO!$C$2:$C$801,$H10),INDEX(DECKS!$E$2:$E$1201,$H10))) | O10: ='FALTAS POR DECK'!K9
A11: =IF($I22="","",$I22&" · "&$J22&CHAR(10)&"Falta "&$K22&" · Tenho "&$M22&" · Nec. "&$L22) | B11: =IF($I23="","",$I23&" · "&$J23&CHAR(10)&"Falta "&$K23&" · Tenho "&$M23&" · Nec. "&$L23) | C11: =IF($I24="","",$I24&" · "&$J24&CHAR(10)&"Falta "&$K24&" · Tenho "&$M24&" · Nec. "&$L24) | D11: =IF($I25="","",$I25&" · "&$J25&CHAR(10)&"Falta "&$K25&" · Tenho "&$M25&" · Nec. "&$L25) | E11: =IF($I26="","",$I26&" · "&$J26&CHAR(10)&"Falta "&$K26&" · Tenho "&$M26&" · Nec. "&$L26) | H11: =IF($A$1="(Todas as cartas)",IFERROR(MATCH(10,CONSOLIDADO!$AK$2:$AK$801,0),""),IFERROR(MATCH(10,DECKS!$J$2:$J$1201,0),"")) | I11: =IF($H11="","",IF($A$1="(Todas as cartas)",INDEX(CONSOLIDADO!$A$2:$A$801,$H11),INDEX(DECKS!$B$2:$B$1201,$H11))) | J11: =IF($H11="","",IF($A$1="(Todas as cartas)",INDEX(CONSOLIDADO!$B$2:$B$801,$H11),INDEX(DECKS!$C$2:$C$1201,$H11))) | K11: =IF($H11="","",IF($A$1="(Todas as cartas)",INDEX(CONSOLIDADO!$E$2:$E$801,$H11),INDEX(DECKS!$F$2:$F$1201,$H11))) | L11: =IF($H11="","",IF($A$1="(Todas as cartas)",INDEX(CONSOLIDADO!$D$2:$D$801,$H11),INDEX(DECKS!$D$2:$D$1201,$H11))) | M11: =IF($H11="","",IF($A$1="(Todas as cartas)",INDEX(CONSOLIDADO!$C$2:$C$801,$H11),INDEX(DECKS!$E$2:$E$1201,$H11))) | O11: ='FALTAS POR DECK'!K10
H12: =IF($A$1="(Todas as cartas)",IFERROR(MATCH(11,CONSOLIDADO!$AK$2:$AK$801,0),""),IFERROR(MATCH(11,DECKS!$J$2:$J$1201,0),"")) | I12: =IF($H12="","",IF($A$1="(Todas as cartas)",INDEX(CONSOLIDADO!$A$2:$A$801,$H12),INDEX(DECKS!$B$2:$B$1201,$H12))) | J12: =IF($H12="","",IF($A$1="(Todas as cartas)",INDEX(CONSOLIDADO!$B$2:$B$801,$H12),INDEX(DECKS!$C$2:$C$1201,$H12))) | K12: =IF($H12="","",IF($A$1="(Todas as cartas)",INDEX(CONSOLIDADO!$E$2:$E$801,$H12),INDEX(DECKS!$F$2:$F$1201,$H12))) | L12: =IF($H12="","",IF($A$1="(Todas as cartas)",INDEX(CONSOLIDADO!$D$2:$D$801,$H12),INDEX(DECKS!$D$2:$D$1201,$H12))) | M12: =IF($H12="","",IF($A$1="(Todas as cartas)",INDEX(CONSOLIDADO!$C$2:$C$801,$H12),INDEX(DECKS!$E$2:$E$1201,$H12))) | O12: ='FALTAS POR DECK'!K11
A13: =IF($I27="","",$I27&" · "&$J27&CHAR(10)&"Falta "&$K27&" · Tenho "&$M27&" · Nec. "&$L27) | B13: =IF($I28="","",$I28&" · "&$J28&CHAR(10)&"Falta "&$K28&" · Tenho "&$M28&" · Nec. "&$L28) | C13: =IF($I29="","",$I29&" · "&$J29&CHAR(10)&"Falta "&$K29&" · Tenho "&$M29&" · Nec. "&$L29) | D13: =IF($I30="","",$I30&" · "&$J30&CHAR(10)&"Falta "&$K30&" · Tenho "&$M30&" · Nec. "&$L30) | E13: =IF($I31="","",$I31&" · "&$J31&CHAR(10)&"Falta "&$K31&" · Tenho "&$M31&" · Nec. "&$L31) | H13: =IF($A$1="(Todas as cartas)",IFERROR(MATCH(12,CONSOLIDADO!$AK$2:$AK$801,0),""),IFERROR(MATCH(12,DECKS!$J$2:$J$1201,0),"")) | I13: =IF($H13="","",IF($A$1="(Todas as cartas)",INDEX(CONSOLIDADO!$A$2:$A$801,$H13),INDEX(DECKS!$B$2:$B$1201,$H13))) | J13: =IF($H13="","",IF($A$1="(Todas as cartas)",INDEX(CONSOLIDADO!$B$2:$B$801,$H13),INDEX(DECKS!$C$2:$C$1201,$H13))) | K13: =IF($H13="","",IF($A$1="(Todas as cartas)",INDEX(CONSOLIDADO!$E$2:$E$801,$H13),INDEX(DECKS!$F$2:$F$1201,$H13))) | L13: =IF($H13="","",IF($A$1="(Todas as cartas)",INDEX(CONSOLIDADO!$D$2:$D$801,$H13),INDEX(DECKS!$D$2:$D$1201,$H13))) | M13: =IF($H13="","",IF($A$1="(Todas as cartas)",INDEX(CONSOLIDADO!$C$2:$C$801,$H13),INDEX(DECKS!$E$2:$E$1201,$H13))) | O13: ='FALTAS POR DECK'!K12
H14: =IF($A$1="(Todas as cartas)",IFERROR(MATCH(13,CONSOLIDADO!$AK$2:$AK$801,0),""),IFERROR(MATCH(13,DECKS!$J$2:$J$1201,0),"")) | I14: =IF($H14="","",IF($A$1="(Todas as cartas)",INDEX(CONSOLIDADO!$A$2:$A$801,$H14),INDEX(DECKS!$B$2:$B$1201,$H14))) | J14: =IF($H14="","",IF($A$1="(Todas as cartas)",INDEX(CONSOLIDADO!$B$2:$B$801,$H14),INDEX(DECKS!$C$2:$C$1201,$H14))) | K14: =IF($H14="","",IF($A$1="(Todas as cartas)",INDEX(CONSOLIDADO!$E$2:$E$801,$H14),INDEX(DECKS!$F$2:$F$1201,$H14))) | L14: =IF($H14="","",IF($A$1="(Todas as cartas)",INDEX(CONSOLIDADO!$D$2:$D$801,$H14),INDEX(DECKS!$D$2:$D$1201,$H14))) | M14: =IF($H14="","",IF($A$1="(Todas as cartas)",INDEX(CONSOLIDADO!$C$2:$C$801,$H14),INDEX(DECKS!$E$2:$E$1201,$H14))) | O14: ='FALTAS POR DECK'!K13
A15: =IF($I32="","",$I32&" · "&$J32&CHAR(10)&"Falta "&$K32&" · Tenho "&$M32&" · Nec. "&$L32) | B15: =IF($I33="","",$I33&" · "&$J33&CHAR(10)&"Falta "&$K33&" · Tenho "&$M33&" · Nec. "&$L33) | C15: =IF($I34="","",$I34&" · "&$J34&CHAR(10)&"Falta "&$K34&" · Tenho "&$M34&" · Nec. "&$L34) | D15: =IF($I35="","",$I35&" · "&$J35&CHAR(10)&"Falta "&$K35&" · Tenho "&$M35&" · Nec. "&$L35) | E15: =IF($I36="","",$I36&" · "&$J36&CHAR(10)&"Falta "&$K36&" · Tenho "&$M36&" · Nec. "&$L36) | H15: =IF($A$1="(Todas as cartas)",IFERROR(MATCH(14,CONSOLIDADO!$AK$2:$AK$801,0),""),IFERROR(MATCH(14,DECKS!$J$2:$J$1201,0),"")) | I15: =IF($H15="","",IF($A$1="(Todas as cartas)",INDEX(CONSOLIDADO!$A$2:$A$801,$H15),INDEX(DECKS!$B$2:$B$1201,$H15))) | J15: =IF($H15="","",IF($A$1="(Todas as cartas)",INDEX(CONSOLIDADO!$B$2:$B$801,$H15),INDEX(DECKS!$C$2:$C$1201,$H15))) | K15: =IF($H15="","",IF($A$1="(Todas as cartas)",INDEX(CONSOLIDADO!$E$2:$E$801,$H15),INDEX(DECKS!$F$2:$F$1201,$H15))) | L15: =IF($H15="","",IF($A$1="(Todas as cartas)",INDEX(CONSOLIDADO!$D$2:$D$801,$H15),INDEX(DECKS!$D$2:$D$1201,$H15))) | M15: =IF($H15="","",IF($A$1="(Todas as cartas)",INDEX(CONSOLIDADO!$C$2:$C$801,$H15),INDEX(DECKS!$E$2:$E$1201,$H15))) | O15: ='FALTAS POR DECK'!K14
H16: =IF($A$1="(Todas as cartas)",IFERROR(MATCH(15,CONSOLIDADO!$AK$2:$AK$801,0),""),IFERROR(MATCH(15,DECKS!$J$2:$J$1201,0),"")) | I16: =IF($H16="","",IF($A$1="(Todas as cartas)",INDEX(CONSOLIDADO!$A$2:$A$801,$H16),INDEX(DECKS!$B$2:$B$1201,$H16))) | J16: =IF($H16="","",IF($A$1="(Todas as cartas)",INDEX(CONSOLIDADO!$B$2:$B$801,$H16),INDEX(DECKS!$C$2:$C$1201,$H16))) | K16: =IF($H16="","",IF($A$1="(Todas as cartas)",INDEX(CONSOLIDADO!$E$2:$E$801,$H16),INDEX(DECKS!$F$2:$F$1201,$H16))) | L16: =IF($H16="","",IF($A$1="(Todas as cartas)",INDEX(CONSOLIDADO!$D$2:$D$801,$H16),INDEX(DECKS!$D$2:$D$1201,$H16))) | M16: =IF($H16="","",IF($A$1="(Todas as cartas)",INDEX(CONSOLIDADO!$C$2:$C$801,$H16),INDEX(DECKS!$E$2:$E$1201,$H16))) | O16: ='FALTAS POR DECK'!K15
A17: =IF($I37="","",$I37&" · "&$J37&CHAR(10)&"Falta "&$K37&" · Tenho "&$M37&" · Nec. "&$L37) | B17: =IF($I38="","",$I38&" · "&$J38&CHAR(10)&"Falta "&$K38&" · Tenho "&$M38&" · Nec. "&$L38) | C17: =IF($I39="","",$I39&" · "&$J39&CHAR(10)&"Falta "&$K39&" · Tenho "&$M39&" · Nec. "&$L39) | D17: =IF($I40="","",$I40&" · "&$J40&CHAR(10)&"Falta "&$K40&" · Tenho "&$M40&" · Nec. "&$L40) | E17: =IF($I41="","",$I41&" · "&$J41&CHAR(10)&"Falta "&$K41&" · Tenho "&$M41&" · Nec. "&$L41) | H17: =IF($A$1="(Todas as cartas)",IFERROR(MATCH(16,CONSOLIDADO!$AK$2:$AK$801,0),""),IFERROR(MATCH(16,DECKS!$J$2:$J$1201,0),"")) | I17: =IF($H17="","",IF($A$1="(Todas as cartas)",INDEX(CONSOLIDADO!$A$2:$A$801,$H17),INDEX(DECKS!$B$2:$B$1201,$H17))) | J17: =IF($H17="","",IF($A$1="(Todas as cartas)",INDEX(CONSOLIDADO!$B$2:$B$801,$H17),INDEX(DECKS!$C$2:$C$1201,$H17))) | K17: =IF($H17="","",IF($A$1="(Todas as cartas)",INDEX(CONSOLIDADO!$E$2:$E$801,$H17),INDEX(DECKS!$F$2:$F$1201,$H17))) | L17: =IF($H17="","",IF($A$1="(Todas as cartas)",INDEX(CONSOLIDADO!$D$2:$D$801,$H17),INDEX(DECKS!$D$2:$D$1201,$H17))) | M17: =IF($H17="","",IF($A$1="(Todas as cartas)",INDEX(CONSOLIDADO!$C$2:$C$801,$H17),INDEX(DECKS!$E$2:$E$1201,$H17))) | O17: ='FALTAS POR DECK'!K16
H18: =IF($A$1="(Todas as cartas)",IFERROR(MATCH(17,CONSOLIDADO!$AK$2:$AK$801,0),""),IFERROR(MATCH(17,DECKS!$J$2:$J$1201,0),"")) | I18: =IF($H18="","",IF($A$1="(Todas as cartas)",INDEX(CONSOLIDADO!$A$2:$A$801,$H18),INDEX(DECKS!$B$2:$B$1201,$H18))) | J18: =IF($H18="","",IF($A$1="(Todas as cartas)",INDEX(CONSOLIDADO!$B$2:$B$801,$H18),INDEX(DECKS!$C$2:$C$1201,$H18))) | K18: =IF($H18="","",IF($A$1="(Todas as cartas)",INDEX(CONSOLIDADO!$E$2:$E$801,$H18),INDEX(DECKS!$F$2:$F$1201,$H18))) | L18: =IF($H18="","",IF($A$1="(Todas as cartas)",INDEX(CONSOLIDADO!$D$2:$D$801,$H18),INDEX(DECKS!$D$2:$D$1201,$H18))) | M18: =IF($H18="","",IF($A$1="(Todas as cartas)",INDEX(CONSOLIDADO!$C$2:$C$801,$H18),INDEX(DECKS!$E$2:$E$1201,$H18))) | O18: ='FALTAS POR DECK'!K17
A19: =IF($I42="","",$I42&" · "&$J42&CHAR(10)&"Falta "&$K42&" · Tenho "&$M42&" · Nec. "&$L42) | B19: =IF($I43="","",$I43&" · "&$J43&CHAR(10)&"Falta "&$K43&" · Tenho "&$M43&" · Nec. "&$L43) | C19: =IF($I44="","",$I44&" · "&$J44&CHAR(10)&"Falta "&$K44&" · Tenho "&$M44&" · Nec. "&$L44) | D19: =IF($I45="","",$I45&" · "&$J45&CHAR(10)&"Falta "&$K45&" · Tenho "&$M45&" · Nec. "&$L45) | E19: =IF($I46="","",$I46&" · "&$J46&CHAR(10)&"Falta "&$K46&" · Tenho "&$M46&" · Nec. "&$L46) | H19: =IF($A$1="(Todas as cartas)",IFERROR(MATCH(18,CONSOLIDADO!$AK$2:$AK$801,0),""),IFERROR(MATCH(18,DECKS!$J$2:$J$1201,0),"")) | I19: =IF($H19="","",IF($A$1="(Todas as cartas)",INDEX(CONSOLIDADO!$A$2:$A$801,$H19),INDEX(DECKS!$B$2:$B$1201,$H19))) | J19: =IF($H19="","",IF($A$1="(Todas as cartas)",INDEX(CONSOLIDADO!$B$2:$B$801,$H19),INDEX(DECKS!$C$2:$C$1201,$H19))) | K19: =IF($H19="","",IF($A$1="(Todas as cartas)",INDEX(CONSOLIDADO!$E$2:$E$801,$H19),INDEX(DECKS!$F$2:$F$1201,$H19))) | L19: =IF($H19="","",IF($A$1="(Todas as cartas)",INDEX(CONSOLIDADO!$D$2:$D$801,$H19),INDEX(DECKS!$D$2:$D$1201,$H19))) | M19: =IF($H19="","",IF($A$1="(Todas as cartas)",INDEX(CONSOLIDADO!$C$2:$C$801,$H19),INDEX(DECKS!$E$2:$E$1201,$H19))) | O19: ='FALTAS POR DECK'!K18
H20: =IF($A$1="(Todas as cartas)",IFERROR(MATCH(19,CONSOLIDADO!$AK$2:$AK$801,0),""),IFERROR(MATCH(19,DECKS!$J$2:$J$1201,0),"")) | I20: =IF($H20="","",IF($A$1="(Todas as cartas)",INDEX(CONSOLIDADO!$A$2:$A$801,$H20),INDEX(DECKS!$B$2:$B$1201,$H20))) | J20: =IF($H20="","",IF($A$1="(Todas as cartas)",INDEX(CONSOLIDADO!$B$2:$B$801,$H20),INDEX(DECKS!$C$2:$C$1201,$H20))) | K20: =IF($H20="","",IF($A$1="(Todas as cartas)",INDEX(CONSOLIDADO!$E$2:$E$801,$H20),INDEX(DECKS!$F$2:$F$1201,$H20))) | L20: =IF($H20="","",IF($A$1="(Todas as cartas)",INDEX(CONSOLIDADO!$D$2:$D$801,$H20),INDEX(DECKS!$D$2:$D$1201,$H20))) | M20: =IF($H20="","",IF($A$1="(Todas as cartas)",INDEX(CONSOLIDADO!$C$2:$C$801,$H20),INDEX(DECKS!$E$2:$E$1201,$H20))) | O20: ='FALTAS POR DECK'!K19
A21: =IF($I47="","",$I47&" · "&$J47&CHAR(10)&"Falta "&$K47&" · Tenho "&$M47&" · Nec. "&$L47) | B21: =IF($I48="","",$I48&" · "&$J48&CHAR(10)&"Falta "&$K48&" · Tenho "&$M48&" · Nec. "&$L48) | C21: =IF($I49="","",$I49&" · "&$J49&CHAR(10)&"Falta "&$K49&" · Tenho "&$M49&" · Nec. "&$L49) | D21: =IF($I50="","",$I50&" · "&$J50&CHAR(10)&"Falta "&$K50&" · Tenho "&$M50&" · Nec. "&$L50) | E21: =IF($I51="","",$I51&" · "&$J51&CHAR(10)&"Falta "&$K51&" · Tenho "&$M51&" · Nec. "&$L51) | H21: =IF($A$1="(Todas as cartas)",IFERROR(MATCH(20,CONSOLIDADO!$AK$2:$AK$801,0),""),IFERROR(MATCH(20,DECKS!$J$2:$J$1201,0),"")) | I21: =IF($H21="","",IF($A$1="(Todas as cartas)",INDEX(CONSOLIDADO!$A$2:$A$801,$H21),INDEX(DECKS!$B$2:$B$1201,$H21))) | J21: =IF($H21="","",IF($A$1="(Todas as cartas)",INDEX(CONSOLIDADO!$B$2:$B$801,$H21),INDEX(DECKS!$C$2:$C$1201,$H21))) | K21: =IF($H21="","",IF($A$1="(Todas as cartas)",INDEX(CONSOLIDADO!$E$2:$E$801,$H21),INDEX(DECKS!$F$2:$F$1201,$H21))) | L21: =IF($H21="","",IF($A$1="(Todas as cartas)",INDEX(CONSOLIDADO!$D$2:$D$801,$H21),INDEX(DECKS!$D$2:$D$1201,$H21))) | M21: =IF($H21="","",IF($A$1="(Todas as cartas)",INDEX(CONSOLIDADO!$C$2:$C$801,$H21),INDEX(DECKS!$E$2:$E$1201,$H21))) | O21: ='FALTAS POR DECK'!K20
H22: =IF($A$1="(Todas as cartas)",IFERROR(MATCH(21,CONSOLIDADO!$AK$2:$AK$801,0),""),IFERROR(MATCH(21,DECKS!$J$2:$J$1201,0),"")) | I22: =IF($H22="","",IF($A$1="(Todas as cartas)",INDEX(CONSOLIDADO!$A$2:$A$801,$H22),INDEX(DECKS!$B$2:$B$1201,$H22))) | J22: =IF($H22="","",IF($A$1="(Todas as cartas)",INDEX(CONSOLIDADO!$B$2:$B$801,$H22),INDEX(DECKS!$C$2:$C$1201,$H22))) | K22: =IF($H22="","",IF($A$1="(Todas as cartas)",INDEX(CONSOLIDADO!$E$2:$E$801,$H22),INDEX(DECKS!$F$2:$F$1201,$H22))) | L22: =IF($H22="","",IF($A$1="(Todas as cartas)",INDEX(CONSOLIDADO!$D$2:$D$801,$H22),INDEX(DECKS!$D$2:$D$1201,$H22))) | M22: =IF($H22="","",IF($A$1="(Todas as cartas)",INDEX(CONSOLIDADO!$C$2:$C$801,$H22),INDEX(DECKS!$E$2:$E$1201,$H22))) | O22: ='FALTAS POR DECK'!K21
A23: =IF($I52="","",$I52&" · "&$J52&CHAR(10)&"Falta "&$K52&" · Tenho "&$M52&" · Nec. "&$L52) | B23: =IF($I53="","",$I53&" · "&$J53&CHAR(10)&"Falta "&$K53&" · Tenho "&$M53&" · Nec. "&$L53) | C23: =IF($I54="","",$I54&" · "&$J54&CHAR(10)&"Falta "&$K54&" · Tenho "&$M54&" · Nec. "&$L54) | D23: =IF($I55="","",$I55&" · "&$J55&CHAR(10)&"Falta "&$K55&" · Tenho "&$M55&" · Nec. "&$L55) | E23: =IF($I56="","",$I56&" · "&$J56&CHAR(10)&"Falta "&$K56&" · Tenho "&$M56&" · Nec. "&$L56) | H23: =IF($A$1="(Todas as cartas)",IFERROR(MATCH(22,CONSOLIDADO!$AK$2:$AK$801,0),""),IFERROR(MATCH(22,DECKS!$J$2:$J$1201,0),"")) | I23: =IF($H23="","",IF($A$1="(Todas as cartas)",INDEX(CONSOLIDADO!$A$2:$A$801,$H23),INDEX(DECKS!$B$2:$B$1201,$H23))) | J23: =IF($H23="","",IF($A$1="(Todas as cartas)",INDEX(CONSOLIDADO!$B$2:$B$801,$H23),INDEX(DECKS!$C$2:$C$1201,$H23))) | K23: =IF($H23="","",IF($A$1="(Todas as cartas)",INDEX(CONSOLIDADO!$E$2:$E$801,$H23),INDEX(DECKS!$F$2:$F$1201,$H23))) | L23: =IF($H23="","",IF($A$1="(Todas as cartas)",INDEX(CONSOLIDADO!$D$2:$D$801,$H23),INDEX(DECKS!$D$2:$D$1201,$H23))) | M23: =IF($H23="","",IF($A$1="(Todas as cartas)",INDEX(CONSOLIDADO!$C$2:$C$801,$H23),INDEX(DECKS!$E$2:$E$1201,$H23)))
H24: =IF($A$1="(Todas as cartas)",IFERROR(MATCH(23,CONSOLIDADO!$AK$2:$AK$801,0),""),IFERROR(MATCH(23,DECKS!$J$2:$J$1201,0),"")) | I24: =IF($H24="","",IF($A$1="(Todas as cartas)",INDEX(CONSOLIDADO!$A$2:$A$801,$H24),INDEX(DECKS!$B$2:$B$1201,$H24))) | J24: =IF($H24="","",IF($A$1="(Todas as cartas)",INDEX(CONSOLIDADO!$B$2:$B$801,$H24),INDEX(DECKS!$C$2:$C$1201,$H24))) | K24: =IF($H24="","",IF($A$1="(Todas as cartas)",INDEX(CONSOLIDADO!$E$2:$E$801,$H24),INDEX(DECKS!$F$2:$F$1201,$H24))) | L24: =IF($H24="","",IF($A$1="(Todas as cartas)",INDEX(CONSOLIDADO!$D$2:$D$801,$H24),INDEX(DECKS!$D$2:$D$1201,$H24))) | M24: =IF($H24="","",IF($A$1="(Todas as cartas)",INDEX(CONSOLIDADO!$C$2:$C$801,$H24),INDEX(DECKS!$E$2:$E$1201,$H24)))
A25: =IF($I57="","",$I57&" · "&$J57&CHAR(10)&"Falta "&$K57&" · Tenho "&$M57&" · Nec. "&$L57) | B25: =IF($I58="","",$I58&" · "&$J58&CHAR(10)&"Falta "&$K58&" · Tenho "&$M58&" · Nec. "&$L58) | C25: =IF($I59="","",$I59&" · "&$J59&CHAR(10)&"Falta "&$K59&" · Tenho "&$M59&" · Nec. "&$L59) | D25: =IF($I60="","",$I60&" · "&$J60&CHAR(10)&"Falta "&$K60&" · Tenho "&$M60&" · Nec. "&$L60) | E25: =IF($I61="","",$I61&" · "&$J61&CHAR(10)&"Falta "&$K61&" · Tenho "&$M61&" · Nec. "&$L61) | H25: =IF($A$1="(Todas as cartas)",IFERROR(MATCH(24,CONSOLIDADO!$AK$2:$AK$801,0),""),IFERROR(MATCH(24,DECKS!$J$2:$J$1201,0),"")) | I25: =IF($H25="","",IF($A$1="(Todas as cartas)",INDEX(CONSOLIDADO!$A$2:$A$801,$H25),INDEX(DECKS!$B$2:$B$1201,$H25))) | J25: =IF($H25="","",IF($A$1="(Todas as cartas)",INDEX(CONSOLIDADO!$B$2:$B$801,$H25),INDEX(DECKS!$C$2:$C$1201,$H25))) | K25: =IF($H25="","",IF($A$1="(Todas as cartas)",INDEX(CONSOLIDADO!$E$2:$E$801,$H25),INDEX(DECKS!$F$2:$F$1201,$H25))) | L25: =IF($H25="","",IF($A$1="(Todas as cartas)",INDEX(CONSOLIDADO!$D$2:$D$801,$H25),INDEX(DECKS!$D$2:$D$1201,$H25))) | M25: =IF($H25="","",IF($A$1="(Todas as cartas)",INDEX(CONSOLIDADO!$C$2:$C$801,$H25),INDEX(DECKS!$E$2:$E$1201,$H25)))
H26: =IF($A$1="(Todas as cartas)",IFERROR(MATCH(25,CONSOLIDADO!$AK$2:$AK$801,0),""),IFERROR(MATCH(25,DECKS!$J$2:$J$1201,0),"")) | I26: =IF($H26="","",IF($A$1="(Todas as cartas)",INDEX(CONSOLIDADO!$A$2:$A$801,$H26),INDEX(DECKS!$B$2:$B$1201,$H26))) | J26: =IF($H26="","",IF($A$1="(Todas as cartas)",INDEX(CONSOLIDADO!$B$2:$B$801,$H26),INDEX(DECKS!$C$2:$C$1201,$H26))) | K26: =IF($H26="","",IF($A$1="(Todas as cartas)",INDEX(CONSOLIDADO!$E$2:$E$801,$H26),INDEX(DECKS!$F$2:$F$1201,$H26))) | L26: =IF($H26="","",IF($A$1="(Todas as cartas)",INDEX(CONSOLIDADO!$D$2:$D$801,$H26),INDEX(DECKS!$D$2:$D$1201,$H26))) | M26: =IF($H26="","",IF($A$1="(Todas as cartas)",INDEX(CONSOLIDADO!$C$2:$C$801,$H26),INDEX(DECKS!$E$2:$E$1201,$H26)))
A27: =IF($I62="","",$I62&" · "&$J62&CHAR(10)&"Falta "&$K62&" · Tenho "&$M62&" · Nec. "&$L62) | B27: =IF($I63="","",$I63&" · "&$J63&CHAR(10)&"Falta "&$K63&" · Tenho "&$M63&" · Nec. "&$L63) | C27: =IF($I64="","",$I64&" · "&$J64&CHAR(10)&"Falta "&$K64&" · Tenho "&$M64&" · Nec. "&$L64) | D27: =IF($I65="","",$I65&" · "&$J65&CHAR(10)&"Falta "&$K65&" · Tenho "&$M65&" · Nec. "&$L65) | E27: =IF($I66="","",$I66&" · "&$J66&CHAR(10)&"Falta "&$K66&" · Tenho "&$M66&" · Nec. "&$L66) | H27: =IF($A$1="(Todas as cartas)",IFERROR(MATCH(26,CONSOLIDADO!$AK$2:$AK$801,0),""),IFERROR(MATCH(26,DECKS!$J$2:$J$1201,0),"")) | I27: =IF($H27="","",IF($A$1="(Todas as cartas)",INDEX(CONSOLIDADO!$A$2:$A$801,$H27),INDEX(DECKS!$B$2:$B$1201,$H27))) | J27: =IF($H27="","",IF($A$1="(Todas as cartas)",INDEX(CONSOLIDADO!$B$2:$B$801,$H27),INDEX(DECKS!$C$2:$C$1201,$H27))) | K27: =IF($H27="","",IF($A$1="(Todas as cartas)",INDEX(CONSOLIDADO!$E$2:$E$801,$H27),INDEX(DECKS!$F$2:$F$1201,$H27))) | L27: =IF($H27="","",IF($A$1="(Todas as cartas)",INDEX(CONSOLIDADO!$D$2:$D$801,$H27),INDEX(DECKS!$D$2:$D$1201,$H27))) | M27: =IF($H27="","",IF($A$1="(Todas as cartas)",INDEX(CONSOLIDADO!$C$2:$C$801,$H27),INDEX(DECKS!$E$2:$E$1201,$H27)))
H28: =IF($A$1="(Todas as cartas)",IFERROR(MATCH(27,CONSOLIDADO!$AK$2:$AK$801,0),""),IFERROR(MATCH(27,DECKS!$J$2:$J$1201,0),"")) | I28: =IF($H28="","",IF($A$1="(Todas as cartas)",INDEX(CONSOLIDADO!$A$2:$A$801,$H28),INDEX(DECKS!$B$2:$B$1201,$H28))) | J28: =IF($H28="","",IF($A$1="(Todas as cartas)",INDEX(CONSOLIDADO!$B$2:$B$801,$H28),INDEX(DECKS!$C$2:$C$1201,$H28))) | K28: =IF($H28="","",IF($A$1="(Todas as cartas)",INDEX(CONSOLIDADO!$E$2:$E$801,$H28),INDEX(DECKS!$F$2:$F$1201,$H28))) | L28: =IF($H28="","",IF($A$1="(Todas as cartas)",INDEX(CONSOLIDADO!$D$2:$D$801,$H28),INDEX(DECKS!$D$2:$D$1201,$H28))) | M28: =IF($H28="","",IF($A$1="(Todas as cartas)",INDEX(CONSOLIDADO!$C$2:$C$801,$H28),INDEX(DECKS!$E$2:$E$1201,$H28)))
A29: =IF($I67="","",$I67&" · "&$J67&CHAR(10)&"Falta "&$K67&" · Tenho "&$M67&" · Nec. "&$L67) | B29: =IF($I68="","",$I68&" · "&$J68&CHAR(10)&"Falta "&$K68&" · Tenho "&$M68&" · Nec. "&$L68) | C29: =IF($I69="","",$I69&" · "&$J69&CHAR(10)&"Falta "&$K69&" · Tenho "&$M69&" · Nec. "&$L69) | D29: =IF($I70="","",$I70&" · "&$J70&CHAR(10)&"Falta "&$K70&" · Tenho "&$M70&" · Nec. "&$L70) | E29: =IF($I71="","",$I71&" · "&$J71&CHAR(10)&"Falta "&$K71&" · Tenho "&$M71&" · Nec. "&$L71) | H29: =IF($A$1="(Todas as cartas)",IFERROR(MATCH(28,CONSOLIDADO!$AK$2:$AK$801,0),""),IFERROR(MATCH(28,DECKS!$J$2:$J$1201,0),"")) | I29: =IF($H29="","",IF($A$1="(Todas as cartas)",INDEX(CONSOLIDADO!$A$2:$A$801,$H29),INDEX(DECKS!$B$2:$B$1201,$H29))) | J29: =IF($H29="","",IF($A$1="(Todas as cartas)",INDEX(CONSOLIDADO!$B$2:$B$801,$H29),INDEX(DECKS!$C$2:$C$1201,$H29))) | K29: =IF($H29="","",IF($A$1="(Todas as cartas)",INDEX(CONSOLIDADO!$E$2:$E$801,$H29),INDEX(DECKS!$F$2:$F$1201,$H29))) | L29: =IF($H29="","",IF($A$1="(Todas as cartas)",INDEX(CONSOLIDADO!$D$2:$D$801,$H29),INDEX(DECKS!$D$2:$D$1201,$H29))) | M29: =IF($H29="","",IF($A$1="(Todas as cartas)",INDEX(CONSOLIDADO!$C$2:$C$801,$H29),INDEX(DECKS!$E$2:$E$1201,$H29)))
H30: =IF($A$1="(Todas as cartas)",IFERROR(MATCH(29,CONSOLIDADO!$AK$2:$AK$801,0),""),IFERROR(MATCH(29,DECKS!$J$2:$J$1201,0),"")) | I30: =IF($H30="","",IF($A$1="(Todas as cartas)",INDEX(CONSOLIDADO!$A$2:$A$801,$H30),INDEX(DECKS!$B$2:$B$1201,$H30))) | J30: =IF($H30="","",IF($A$1="(Todas as cartas)",INDEX(CONSOLIDADO!$B$2:$B$801,$H30),INDEX(DECKS!$C$2:$C$1201,$H30))) | K30: =IF($H30="","",IF($A$1="(Todas as cartas)",INDEX(CONSOLIDADO!$E$2:$E$801,$H30),INDEX(DECKS!$F$2:$F$1201,$H30))) | L30: =IF($H30="","",IF($A$1="(Todas as cartas)",INDEX(CONSOLIDADO!$D$2:$D$801,$H30),INDEX(DECKS!$D$2:$D$1201,$H30))) | M30: =IF($H30="","",IF($A$1="(Todas as cartas)",INDEX(CONSOLIDADO!$C$2:$C$801,$H30),INDEX(DECKS!$E$2:$E$1201,$H30)))
A31: =IF($I72="","",$I72&" · "&$J72&CHAR(10)&"Falta "&$K72&" · Tenho "&$M72&" · Nec. "&$L72) | B31: =IF($I73="","",$I73&" · "&$J73&CHAR(10)&"Falta "&$K73&" · Tenho "&$M73&" · Nec. "&$L73) | C31: =IF($I74="","",$I74&" · "&$J74&CHAR(10)&"Falta "&$K74&" · Tenho "&$M74&" · Nec. "&$L74) | D31: =IF($I75="","",$I75&" · "&$J75&CHAR(10)&"Falta "&$K75&" · Tenho "&$M75&" · Nec. "&$L75) | E31: =IF($I76="","",$I76&" · "&$J76&CHAR(10)&"Falta "&$K76&" · Tenho "&$M76&" · Nec. "&$L76) | H31: =IF($A$1="(Todas as cartas)",IFERROR(MATCH(30,CONSOLIDADO!$AK$2:$AK$801,0),""),IFERROR(MATCH(30,DECKS!$J$2:$J$1201,0),"")) | I31: =IF($H31="","",IF($A$1="(Todas as cartas)",INDEX(CONSOLIDADO!$A$2:$A$801,$H31),INDEX(DECKS!$B$2:$B$1201,$H31))) | J31: =IF($H31="","",IF($A$1="(Todas as cartas)",INDEX(CONSOLIDADO!$B$2:$B$801,$H31),INDEX(DECKS!$C$2:$C$1201,$H31))) | K31: =IF($H31="","",IF($A$1="(Todas as cartas)",INDEX(CONSOLIDADO!$E$2:$E$801,$H31),INDEX(DECKS!$F$2:$F$1201,$H31))) | L31: =IF($H31="","",IF($A$1="(Todas as cartas)",INDEX(CONSOLIDADO!$D$2:$D$801,$H31),INDEX(DECKS!$D$2:$D$1201,$H31))) | M31: =IF($H31="","",IF($A$1="(Todas as cartas)",INDEX(CONSOLIDADO!$C$2:$C$801,$H31),INDEX(DECKS!$E$2:$E$1201,$H31)))
H32: =IF($A$1="(Todas as cartas)",IFERROR(MATCH(31,CONSOLIDADO!$AK$2:$AK$801,0),""),IFERROR(MATCH(31,DECKS!$J$2:$J$1201,0),"")) | I32: =IF($H32="","",IF($A$1="(Todas as cartas)",INDEX(CONSOLIDADO!$A$2:$A$801,$H32),INDEX(DECKS!$B$2:$B$1201,$H32))) | J32: =IF($H32="","",IF($A$1="(Todas as cartas)",INDEX(CONSOLIDADO!$B$2:$B$801,$H32),INDEX(DECKS!$C$2:$C$1201,$H32))) | K32: =IF($H32="","",IF($A$1="(Todas as cartas)",INDEX(CONSOLIDADO!$E$2:$E$801,$H32),INDEX(DECKS!$F$2:$F$1201,$H32))) | L32: =IF($H32="","",IF($A$1="(Todas as cartas)",INDEX(CONSOLIDADO!$D$2:$D$801,$H32),INDEX(DECKS!$D$2:$D$1201,$H32))) | M32: =IF($H32="","",IF($A$1="(Todas as cartas)",INDEX(CONSOLIDADO!$C$2:$C$801,$H32),INDEX(DECKS!$E$2:$E$1201,$H32)))
A33: =IF($I77="","",$I77&" · "&$J77&CHAR(10)&"Falta "&$K77&" · Tenho "&$M77&" · Nec. "&$L77) | B33: =IF($I78="","",$I78&" · "&$J78&CHAR(10)&"Falta "&$K78&" · Tenho "&$M78&" · Nec. "&$L78) | C33: =IF($I79="","",$I79&" · "&$J79&CHAR(10)&"Falta "&$K79&" · Tenho "&$M79&" · Nec. "&$L79) | D33: =IF($I80="","",$I80&" · "&$J80&CHAR(10)&"Falta "&$K80&" · Tenho "&$M80&" · Nec. "&$L80) | E33: =IF($I81="","",$I81&" · "&$J81&CHAR(10)&"Falta "&$K81&" · Tenho "&$M81&" · Nec. "&$L81) | H33: =IF($A$1="(Todas as cartas)",IFERROR(MATCH(32,CONSOLIDADO!$AK$2:$AK$801,0),""),IFERROR(MATCH(32,DECKS!$J$2:$J$1201,0),"")) | I33: =IF($H33="","",IF($A$1="(Todas as cartas)",INDEX(CONSOLIDADO!$A$2:$A$801,$H33),INDEX(DECKS!$B$2:$B$1201,$H33))) | J33: =IF($H33="","",IF($A$1="(Todas as cartas)",INDEX(CONSOLIDADO!$B$2:$B$801,$H33),INDEX(DECKS!$C$2:$C$1201,$H33))) | K33: =IF($H33="","",IF($A$1="(Todas as cartas)",INDEX(CONSOLIDADO!$E$2:$E$801,$H33),INDEX(DECKS!$F$2:$F$1201,$H33))) | L33: =IF($H33="","",IF($A$1="(Todas as cartas)",INDEX(CONSOLIDADO!$D$2:$D$801,$H33),INDEX(DECKS!$D$2:$D$1201,$H33))) | M33: =IF($H33="","",IF($A$1="(Todas as cartas)",INDEX(CONSOLIDADO!$C$2:$C$801,$H33),INDEX(DECKS!$E$2:$E$1201,$H33)))
H34: =IF($A$1="(Todas as cartas)",IFERROR(MATCH(33,CONSOLIDADO!$AK$2:$AK$801,0),""),IFERROR(MATCH(33,DECKS!$J$2:$J$1201,0),"")) | I34: =IF($H34="","",IF($A$1="(Todas as cartas)",INDEX(CONSOLIDADO!$A$2:$A$801,$H34),INDEX(DECKS!$B$2:$B$1201,$H34))) | J34: =IF($H34="","",IF($A$1="(Todas as cartas)",INDEX(CONSOLIDADO!$B$2:$B$801,$H34),INDEX(DECKS!$C$2:$C$1201,$H34))) | K34: =IF($H34="","",IF($A$1="(Todas as cartas)",INDEX(CONSOLIDADO!$E$2:$E$801,$H34),INDEX(DECKS!$F$2:$F$1201,$H34))) | L34: =IF($H34="","",IF($A$1="(Todas as cartas)",INDEX(CONSOLIDADO!$D$2:$D$801,$H34),INDEX(DECKS!$D$2:$D$1201,$H34))) | M34: =IF($H34="","",IF($A$1="(Todas as cartas)",INDEX(CONSOLIDADO!$C$2:$C$801,$H34),INDEX(DECKS!$E$2:$E$1201,$H34)))
